Name,Target
yash,1
prit,1
meet,1
drashti,0
saloni,0
hinal,0
jay,1
darshana,0
hardik,1
janvi,0
ronak,1
naman,1
khyati,0
sikha,0
minal,0
milan,1
kaushik,1
smit,1
ravina,0
priti,0
hetal,0
pooja,0
kishan,1
akshar,1
akshay,1
radhika,0
riya,0
komal,0
mihir,1
kunjal,1
moxil,1
mona,0
bhavya,1
bhavika,0
rina,0
hetavi,0
manoj,1
raghav,1
gopal,1
jasmin,1
akshay,1
sweta,0
vidhi,0
nayan,1
prashant,1
sonal,0
bhavika,0
bhavik,1
manthan,1
preet,1
darpit,1
harsh,1
kashyap,1
bhautik,1
dhruv,1
ishva,0
mitesh,1
denish,1
abhi,1
jenish,1
jenny,0
dhruvi,0
margi,0
kajal,0
mital,0
nevil,1
krishna,1
krishna,0
dhavni,0
hemanshi,0
ishaan,1
shyla,0
amar,1
diya,0
divya,0
ananya,0
jaya,0
sana,0
anjali,0
aditi,0
nikhil,1
shaan,1
sahil,1
darsh,1
ashwin,1
deven,1
shaila,0
salina,0
varun,1
devi,0
dhara,0
akhilesh,1
sunil,1
rajiv,1
bhanu,1
abhishek,1
abhimanyu,1
abhiman,1
bharat,1
ila,0
manisha,0
harshvi,0
harshav,1
anshu,0
shanti,0
hanshika,0
kamala,0
anuradha,0
dev,1
devendra,1
avinash,1
darsha,0
janak,1
chandani,0
mohan,1
laxmi,0
leela,0
abhay,1
alok,1
shalini,0
shivani,0
mansi,0
mazida,0
meena,0
hina,0
anita,0
balaraj,1
sharad,1
amit,1
sanjay,1
vikram,1
ram kumar,1
rohit,1
santosh,1
isha,0
sonam,0
shakshi ,0
sagar,1
neetu,0
prathamesh,1
sanjana,0
sneha,0
snehal,0
sanyukta,0
mohit,1
rohan,1
rehan,1
vaishaki,0
kanika,0
kareena,0
katrina,0
salman,1
abhijit,1
daya,0
jethalal,1
babita,0
iyer,1
vijay,1
roshan,1
reena,0
neha,0
pranjali,0
rushabh,1
hrutik,1
khushboo,0
khushi,0
jyoti,0
rekha,0
tina,0
varsha,0
pravin,1
prince,1
prem,1
anand,1
kavita,0
ruta,0
ritu,0
swamini,0
kadambari,0
priyanka,0
champa,0
ashu,0
monika,0
ketki,0
nihar,1
hanuman,1
anirudh,1
sahil,1
reet,1
riya,0
dinesh,1
mukesh,1
nilesha,1
gulabsing,1
leena,0
vertaj,1
siddhesh,1
riddhi,0
siddhi,0
ruchita,0
satyam,1
pragnesh,1
jignesh,1
gulam,1
shiv,1
deep,1
shivam,1
parth,1
dharam,1
saurbh,1
pankaj,1
ritesh,1
sumit,1
vivek,1
tejas,1
sarthak,1
preeti,0
himmat,1
hinal,0
atharva,1
sarvesh,1
pratik,1
tanmay,1
sanjiv,1
poonam,0
soumya,0
rushikesh,1
nishit,1
priya,0
shashank,1
tooba,0
ruby,0
purvi,0
sheetal,0
shraddhesh,1
kalyani,0
heet,1
heer,0
anushri,0
eram,0
sanket,1
sudhir,1
aakansha,0
jash,1
sayandip,1
faikha,0
jitesh,1
anshul,1
sumedh,1
satyarth,1
deepa,0
harsha,0
harsh,1
krishma,0
savita,0
rajan,1
noopur,0
ayush,1
kriti,0
nikita,0
mushk,0
rakhi,0
mamta,0
adarsh,1
ishan,1
janki,0
nitesh,1
sohini,0
rinku,0
doly,0
pavan,1
utsav,1
madhura,0
swati,0
viren,1
amita,1
reena,0
nimesh,1
pallavi,0
mayuresh,1
dimpal,0
alisha,0
zaid,1
misbah,0
jinal,0
nilam,0
ruchi,0
raj,1
usha,0
omkar,1
lalita,0
seema,0
mahesh,1
roshini,0
geeta,0
narendra,1
shenaz,1
kaustubh,1
anuja,0
kiran,0
rajni,0
arnav,1
palak,0
kamla,0
noor,0
saroj,0
dipika,0
shivam,1
ramnik,1
deepak,1
manoj,1
anshuman,1
shailesh,1
namira,0
rajesh,1
juhi,0
virti,0
raavi,0
ravi,1
manish,1
sunita,0
yashvi,0
div,1
taral,1
sarfarz,1
ali,1
rahul,1
yogita,0
rajendra,1
devki,0
durga,0
sonya,0
rubina,0
sangeeta,0
nisha,0
nishant,1
sita,1
mahendra,1
sachin,1
ravindra,1
ambati,1
mohin,1
virat,1
ruturaj,1
bhawati,0
prasad,1
pinkesh,1
nitin,1
heet,1
zeel,1
rakesh,1
akshat,1
akshita,0
akshta,0
ronak,1
rinkesh,1
vansh,1
devansh,1
devanshi,0
pritesh,1
ramesh,1
anubhav,1
shlok,1
shloka,0
amaira,0
nvya,0
vinod,1
dugu,0
tarjan,1
delsi,0
daisy,0
grace,0
charmi,0
vipul,1
veer,1
vipin,1
nayan,1
jatin,1
shadab,1
kabir,1
farhan,1
sabir,1
rishi,1
virendra,1
disha,0
saifali,0
darshil,1
rutava,0
tripti,0
trupti,0
trupal,1
sheela,0
sakshi,0
kalpit,1
ashmin,0
gulshan,1
parveen,1
monark,1
jitendra,1
afifa,0
akhsita,0
urja,0
bhumi,0
simmy,0
chahat,0
dhanvarsha,0
sandhya,0
dhruvesh,1
gurdeep,1
ranju,0
ekta,0
payal,0
foram,0
sonya,0
vimla,0
suman,0
dipal,0
sitaram,1
pinki,0
het,1
pinku,1
honey,0
jasbi,1
madhvi,0
ruksana,0
om,1
dixit,1
dixita,0
robin,1
devki,0
priyanshi,0
aditya,1
rashmi,0
manan,1
shahid,1
vandna,0
farida,0
suhasini,0
asha,0
sharmila,0
hina,0
gutam,1
jainam,1
mox,1
durgesh,1
brijesh,1
sprash,1
punit,1
gurmit,1
gurpreet,1
siddhu,1
dharam,1
kejrival,1
pritam,1
devinder,1
raman,1
gajendra,1
atullah,1
hemlata,0
rihana,0
deepa,0
dipali,0
sabnam,0
anjum,0
utkarsh,1
mansi,0
baani,0
vaani,0
bansi,0
chintan,1
trusha,0
panth,1
avnish,1
jensi,0
rensi,0
rakshit,1
nensi,0
mansi,0
shubham,1
henil,1
kirti,0
vatsal,1
shrut,0
dhruvin,1
namrata,0
darshika,0
krunal,1
shreya,0
darshil,1
aarsh,1
abhik,1
romi,0
prutha,0
lipsa,0
dishank,0
vihana,0
nemil,1
krupali,0
dipen,1
preksha,0
naishar,1
shrey,1
jal,0
samir,1
keval,1
ravi,1
rakshita,0
shobha,0
shweta,0
riya,0
nia,0
shini,0
dhara,0
vrunda,0
yesha,0
trish,0
satish,1
sejal,0
gargi,0
fenil,1
mital,0
jalpa,0
hiren,1
nirali,0
apruva,1
sonu,1
purbi,0
shamil,1
amisha,0
urvisha,0
urvush,1
sweta,0
natasha,0
heetu,1
tanvi,0
naina,0
dhaval,1
vishruti,0
nadiya,0
astha,0
chaya,0
sakila,0
radha,0
neha,0
mira,0
swti,0
dhvani,0
minal,0
kashvi,0
maya,0
kaliksha,0
ishani,0
monik,1
twinkal,0
shruja,0
rupa,0
tarang,1
nikhil,1
daxit,1
army,1
surbhi,0
hetul,1
shreena,0
palav,0
shyam,1
divyesh,1
gopi,0
hardi,0
bhakti,0
man,1
metri,0
alka,0
juneb,0
romil,1
ankit,1
anandi,0
vrutika,0
dhrumin,1
muskan,0
rikesh,1
yagnik,1
yuvi,0
yuvaraj,1
manav,1
grishma,0
brinda,0
jaydeep,1
yug,1
pari,0
keyur,1
akash,1
vidhi,0
vidhisha,0
jimy,0
bhadresh,1
amiras,1
zenil,1
kanchan,0
sapana,0
feni,0
rajshree,0
swarupa,0
dipsa,0
cherish,1
rita,0
vaishali,0
himanshi,0
harihar,1
ruchit,1
noor,0
anmol,1
gaytri,0
shrushti,0
akshar,1
shivanya,0
unique,1
rujal,0
gulista,0
raghav,1
goral,0
jayraj,1
prashant,1
sanskar,1
femina,0
shayra,0
sandy,0
vrushal,1
bhavin,1
kamlesh,1
kinal,0
avira,0
karan,1
jogsingh,1
rinku,0
nirmla,0
kuldeep,1
sapan,1
bhaudeep,1
zarana,0
reema,0
mayur,1
danika,0
sillam,0
varun,1
harshid,1
risha,0
banasri,0
fiona,0
chitranjali,0
kriyesha,0
dravya,0
nagma,0
upena,0
varni,1
kruti,0
diaa,0
vandan,1
karishma,0
sunny,1
siyaahi,0
manpreet,1
hiari,0
binjal,0
yami,0
sindu,1
binny,0
srisa,0
ritika,0
niyati,0
barkha,0
chitra,0
meghana,0
mishti,0
vrushali,0
rushali,0
itee,0
hiti,0
brinza,0
nisha,0
mrunal,1
zeeya,0
misri,0
zeenat,0
darpan,1
koral,0
ankush,1
chakshu,0
tasarika,0
taanishka,0
kumud,0
trisha,0
margi,0
charu,0
charan,1
manas,1
kesha,0
diyara,0
kirthi,0
arman,1
masumi,0
purvam,1
naresh,1
radhey,1
shreyon,1
vinay,1
vineet,1
garima,0
vimal,1
shivaagna,0
tejaswini,0
lavnya,0
pal,0
tyani,0
sanchet,1
aftab,1
zarin,0
biren,1
vicky,1
karishmaashita,0
miloni,0
aruni,0
pranali,0
monali,0
yogi,1
sonam,0
akhtar,1
prapti,0
bhoomik,1
nirav,1
chirag,1
kundan,1
aditi,0
ajay,1
yusuf,1
irfan,1
yogesh,1
yashraj,1
arisfa,0
yagnesh,1
diva,0
haresh,1
nadim,1
imran,1
venish,1
salim,1
vraj,1
shaikh,1
vithal,1
vishrut,1
vishal,1
krushang,1
vrushang,1
viral,1
shrishti,0
bharti,0
chitra,0
lalita,0
vanita,0
rajni,0
dolly,0
poonam,0
dimpal,0
veera,0
ankita,0
masum,0
jeenat,0
soniya,0
namrta,0
ridhima,0
smita,0
parwati,0
prema,0
nandini,0
kanta,0
vinu,1
rizwan,1
vashant,1
vanshika,0
vallabh,1
swastik,1
shraddha,0
pragati,0
bhavana,0
valaji,1
sagar,1
nirbhay,1
greengal,0
vakil,1
tulsi,0
upendra,1
neela,0
umesh,1
umang,1
uka,1
samita,0
tushar,1
ishavar,1
isavar,1
krish,1
krisha,0
piyush,1
piyushi,0
tirth,1
tosif,1
tikmlal,1
thakarshi,1
shaurya,1
sanadhya,0
prahlad,1
saurabha,1
swetang,1
kanika,0
susil,1
shakti,1
sudhir,1
namita,0
rajan,1
sonanshu,1
raj,1
savaji,1
vaibhav,1
paresh,1
mithil,1
mehul,1
madhvi,0
kalpesh,1
pakhi,0
jagdish,1
gopal,1
dayalal,1
bhimji,1
bhavik,1
aravid,1
sima,0
shusila,1
shahid,1
savan,1
saumil,1
sarang,1
sandip,1
sanat,1
samir,1
jigna,0
rushik,1
rinkesh,1
mahesh,1
pragti,0
amit,1
ranchod,1
ranjan,1
randip,1
ramlal,1
jenil,1
puna,1
prabhu,1
pragat,1
prachi,0
praful ,1
popatlal,1
pinkesh,1
abdul,1
odha,1
jenish,1
nitesh,1
nita,0
niroj,1
nimesh,1
nilkanth,1
nikunj,1
nihal,1
nihar,1
neelay,1
nemish,1
neel,1
indra,0
manju,0
parul,0
tara,0
krishka,0
ilema,0
sahiba,0
chandni,0
bimla,0
maya,0
sarita,0
sukhbir,0
saveta,0
rani,0
kafia,0
minakshi,0
shabana,0
kinya,0
mumtaz,0
mohini,0
rupa,0
saroj,0
pushpa,0
imarana,0
kripya,0
chanchal,0
madhu,0
dhamishta,0
sonali,0
padma,0
jaya,0
sumitra,0
nathu,1
narsi,1
narayan,1
nanji,1
nagji,1
murili,1
bipin,1
ramji,1
miraj,1
mavji,1
manu,1
mansukh,1
manji,1
manhar,1
bhavin,1
lavaji,1
shubhas,1
labhu,1
kishor,1
kishan,1
kinjal,0
khushali,0
ashok,1
bhikha,1
kevin,1
keyur,1
ketan,1
hasmukh,1
kailash,0
kavita,0
karsan,1
sanjay,1
karan,1
kapli,1
kamal,1
kalpana,0
jivraj,1
jivan,1
jitu,1
jigar,1
nayan,1
jasvant,1
vandna,0
kiran,0
gauri,0
arti,0
neetu,0
nurbi,0
hemlata,0
hemal,0
aditya,0
janu,0
kajol,0
parvti,0
rajeshwari,0
shaifali,0
tanya,0
nilam,0
hetavi,0
bhavdeep,0
diana,0
sonam,0
sukhmani,0
kiaraa,0
alia,0
satpal,1
ram,1
parash,1
mustaq,1
bilal,1
jitendra,1
inder,1
shakib,1
divaraj,1
abhinav,1
vrajana,0
harshita,0
medha,0
bushraa,0
evaa,0
azruddin,1
mushir,1
avneet,0
chitranshi,0
govindh,1
govind,1
vasundhara,0
sakshi,0
ashi,0
anushka,0
moni,0
avatar,1
gaffar,1
deepak,1
lalit,1
brij,1
subhash,1
nishant,1
shekhar,1
hardeep,1
twarita,0
samreen,0
aayushi,0
neha,0
diksha,0
veerji,0
esha,0
kiara,0
sonal,0
mahira,0
sonalika,0
ragini,0
roopa,0
anup,1
aamir,1
aasif,1
abir,1
ali,1
anas,1
juhi,0
smriti,0
mouli,0
urvshi,0
jennifer,0
shilpa,0
aamna,0
anang,1
apurva,1
arhaan,1
arijit,1
arjit,1
arjun,1
arpit,1
barun,1
deven,1
rashami,0
sara,0
sukirti,0
madhurima,0
sanaya,0
sriti,0
hina,0
hiba,0
avika,0
mahima,0
runina,0
mugdha,0
dilip,1
gautam,1
gaurav,1
gurmeet,1
harsh,1
harshad,1
hiten,1
himanshu,1
jimit,1
karmveer,1
karanvir,1
kinshuk,1
sharda,0
kunal,1
giaa,0
adaa,0
pratyusha,0
rucha,0
yukti,0
nia,0
surbhi,0
gulki,0
shrenu,0
amrapali,0
toral,0
preetika,0
laksh,1
lavanya,1
leenesh,1
radhika,0
samiksha,0
sheen,0
erica,0
ashi,0
rhea,0
manav,1
mamik,1
mishal,1
iqbal,1
nazim,1
malik,1
nakuul,1
namik,1
namit,1
rishikaa,0
mayuri,0
nikki,0
param,1
paras,1
puneet,1
rahil,1
rajat,1
rajeev,1
randeep,1
ronit,1
mehtab,0
bibbo,0
devika,0
shobhna,0
jamuna,0
sitara,0
shanta,0
sadhana,0
nalini,0
meena,0
swaran,0
suraiya,0
asha,0
noor,0
sehban,1
siddhant,1
shah rukh,1
shantanu,1
shivaji,1
sumedh,1
varun,1
madhubala,0
uma,0
kamini,0
nimmi,0
shakila,0
shammi,0
bhanumati,0
nirupa,0
nutan,0
bina,0
nadira,0
vivian,1
zain,1
sushant,1
tiger,1
vir,1
hrithik,1
shahid,1
ranveer,1
taaha,1
ameeta,0
shyama,0
suchitra,0
minoo,0
mala,0
padmini,0
helen,0
nanda,0
saira,0
jayanthi,0
farhan,1
purab,1
harshvardhan,1
ayushman,1
fawad,1
bobby,1
gulshan,1
himeshreshammiya,1
ieshaan,1
jackky,1
hema,0
raakhee,0
yogeeta,0
reena,0
vidya,0
ranjeeta,0
deepti,0
sridevi,0
vijayta,0
rati,0
salma,0
meenakshi,0
neelam,0
urmila,0
kartik,1
mahakshay,1
omi,1
neil nitin,1
priyadarshan,1
pulkit,1
rajkummar,1
ritesh,1
saif ali khan,1
sammir,1
shiney,1
sooraj,1
suniel,1
bipasha,0
isha,0
keerthi,0
sandali,0
monica,0
tanishaa,0
meher,0
manjari,0
dakshita,0
eshan,1
meenu,0
jyostna,0
tamannaah,0
amol,1
sumeet,1
ishwak,1
aahana,0
yashaswini,0
aisha,0
maanvi,0
hansika,0
richa,0
sandeepa,0
parineeti,0
huma,0
iieana,0
amy,0
taapsee,0
lisa,0
athiya,0
mawara,0
ritika,0
janhvi,0
tripti,0
tara,0
mrunal,0
alaya,0
tejashri,0
arina,0
rajsi,0
anil,1
angira,0
bhuvan,1
chinmay,1
visshesh,1
deepesh,1
nimrat,0
kishwer,0
vrushika,0
mallika,0
sudev,1
gagandev√ø,1
mithila,0
tahir,1
alekh,1
raghu,1
raunak,1
nidhi,0
tridha,0
nehal,0
jinnie,0
shiny,0
supriya,0
iira,0
manvi,0
sanni,0
hansi,0
priyal,0
marina,0
veronica,0
tanima,0
gehana,0
neethu,0
nagma,0
flora,0
aarohi,0
kavya,0
anusmriti,0
mahi,0
aastha,0
prerika,0
pihu,0
prerna,0
raja,1
lokesh,1
chand,1
baljeet,1
dheeraj,1
chandan,1
laxman,1
jaidev,1
tarun,1
radhey,1
pradeep,1
nitish,1
aftab,1
vikramjeet,1
meena,0
ganga,0
madhuri,0
harprit,0
rubina,0
kamla,0
hysa,1
yhas,1
YASH,1
hyas,1
ahsy,1
iptr,1
trip,1
PRIT,1
rpti,1
prit,1
eetm,1
mete,1
emte,1
etme,1
etem,1
sidhrta,0
isdarht,0
hadrsit,0
ahdrits,0
tashrid,0
saloni,0
saloni,0
saloni,0
SALONI,0
sloina,0
HINAL,0
HINAL,0
lnhia,0
hnial,0
HINAL,0
JAY,1
JAY,1
jya,1
JAY,1
jya,1
drhnasaa,0
arnsadha,0
darshana,0
DARSHANA,0
dhsranaa,0
HARDIK,1
hardik,1
aihrkd,1
HARDIK,1
hkidar,1
janvi,0
JANVI,0
JANVI,0
JANVI,0
jianv,0
RONAK,1
rkaon,1
aonkr,1
RONAK,1
rnaok,1
aamnn,1
naman,1
amann,1
naman,1
naanm,1
hyaikt,0
KHYATI,0
tkiyha,0
akhtiy,0
khyati,0
sikha,0
sikha,0
SIKHA,0
hsaik,0
sikha,0
MINAL,0
inmal,0
malni,0
iamnl,0
MINAL,0
milan,1
nmali,1
milan,1
milna,1
milan,1
KAUSHIK,1
kaushik,1
kaushik,1
hsukika,1
KAUSHIK,1
smit,1
tims,1
SMIT,1
simt,1
smit,1
vanrai,0
raniva,0
ravina,0
ravina,0
anrvai,0
ptrii,0
priti,0
priti,0
iirtp,0
PRITI,0
atlhe,0
etalh,0
HETAL,0
tealh,0
laeth,0
pooja,0
aojpo,0
POOJA,0
oojpa,0
oajop,0
KISHAN,1
KISHAN,1
skniah,1
hinksa,1
hkiasn,1
aakhrs,1
srakah,1
arkash,1
akshar,1
AKSHAR,1
akshay,1
ksahya,1
akshay,1
skhaay,1
aksyah,1
ardahki,0
RADHIKA,0
radhika,0
RADHIKA,0
ahadirk,0
riya,0
RIYA,0
riya,0
riya,0
riya,0
lkmao,0
okmal,0
komal,0
amkol,0
KOMAL,0
MIHIR,1
mihir,1
mihir,1
mihir,1
iihmr,1
KUNJAL,1
kunjal,1
kajlnu,1
KUNJAL,1
uljank,1
milxo,1
MOXIL,1
MOXIL,1
MOXIL,1
MOXIL,1
aonm,0
oamn,0
mona,0
MONA,0
mano,0
vybaah,1
BHAVYA,1
BHAVYA,1
BHAVYA,1
ahvyba,1
bhavika,0
aaibhkv,0
akivabh,0
BHAVIKA,0
BHAVIKA,0
rina,0
rina,0
airn,0
RINA,0
nair,0
HETAVI,0
HETAVI,0
hvitae,0
hetavi,0
HETAVI,0
MANOJ,1
anmoj,1
omnaj,1
omajn,1
manoj,1
vrhgaa,1
raghav,1
raghav,1
vrahga,1
raghav,1
GOPAL,1
gopal,1
GOPAL,1
goapl,1
poagl,1
aminjs,1
mnijsa,1
JASMIN,1
aimsnj,1
jminas,1
ashkya,1
akshay,1
ayksah,1
AKSHAY,1
AKSHAY,1
weast,0
twsea,0
wtesa,0
eawts,0
sweta,0
vidhi,0
vidhi,0
VIDHI,0
iivhd,0
ividh,0
nanay,1
nnaay,1
nayan,1
NAYAN,1
naany,1
PRASHANT,1
tansprah,1
prashant,1
aphnrats,1
PRASHANT,1
sonal,0
oslna,0
SONAL,0
asonl,0
SONAL,0
BHAVIKA,0
abihkav,0
bhavika,0
bhavika,0
BHAVIKA,0
hbviak,1
bhavik,1
bvakhi,1
BHAVIK,1
BHAVIK,1
thaamnn,1
manthan,1
MANTHAN,1
ahamtnn,1
tmnanha,1
eretp,1
ertpe,1
rptee,1
PREET,1
PREET,1
itapdr,1
darpit,1
DARPIT,1
pradit,1
rtidpa,1
hrhas,1
shhar,1
hsahr,1
hashr,1
rsahh,1
akahsyp,1
yakahps,1
kashyap,1
ykaphsa,1
KASHYAP,1
utbahki,1
aibhutk,1
bhautik,1
bkhuati,1
hubtkia,1
DHRUV,1
vhdur,1
udhvr,1
DHRUV,1
DHRUV,1
ishva,0
aihvs,0
ISHVA,0
ishva,0
ISHVA,0
mhites,1
mitesh,1
eitshm,1
hesmit,1
eshtim,1
esdhin,1
DENISH,1
siehdn,1
DENISH,1
denish,1
abhi,1
ABHI,1
ABHI,1
abhi,1
baih,1
sienjh,1
hjnsei,1
jenish,1
JENISH,1
jenish,1
jenny,0
enyjn,0
njeyn,0
ynjne,0
ynjne,0
diuhvr,0
DHRUVI,0
dhruvi,0
DHRUVI,0
dhruvi,0
margi,0
gamri,0
irmga,0
rimag,0
mairg,0
jkaal,0
aklaj,0
KAJAL,0
aaljk,0
kjlaa,0
MITAL,0
mlati,0
litma,0
MITAL,0
tlmai,0
neilv,1
nievl,1
inlev,1
ivlne,1
nevli,1
krishna,1
kshnrai,1
krishna,1
rhsnkia,1
KRISHNA,1
KRISHNA,0
KRISHNA,0
krishna,0
ariskhn,0
krishna,0
aindhv,0
DHAVNI,0
avnidh,0
dhavni,0
DHAVNI,0
HEMANSHI,0
nemihhas,0
HEMANSHI,0
HEMANSHI,0
HEMANSHI,0
shania,1
hinaas,1
ISHAAN,1
hniasa,1
ISHAAN,1
ahysl,0
lhyas,0
shyla,0
SHYLA,0
shyla,0
rmaa,1
arma,1
amar,1
rama,1
rama,1
diya,0
diya,0
diya,0
iady,0
diay,0
iydva,0
adviy,0
DIVYA,0
divya,0
idyva,0
ANANYA,0
ANANYA,0
ananay,0
ayaann,0
nyanaa,0
JAYA,0
JAYA,0
jaya,0
yaja,0
ajay,0
sana,0
nasa,0
sana,0
sana,0
ansa,0
anjali,0
ainlaj,0
anjali,0
ajalni,0
anjali,0
itdia,0
aditi,0
taiid,0
idait,0
iadti,0
iihlkn,1
NIKHIL,1
hklini,1
NIKHIL,1
hilikn,1
naahs,1
anash,1
nasha,1
SHAAN,1
shaan,1
liash,1
SAHIL,1
SAHIL,1
lsahi,1
lhias,1
DARSH,1
DARSH,1
darsh,1
darsh,1
DARSH,1
hasinw,1
hanwis,1
ASHWIN,1
awnhis,1
ashwin,1
vened,1
evend,1
DEVEN,1
vedne,1
evned,1
shaila,0
shaila,0
aiahls,0
shaila,0
SHAILA,0
SALINA,0
SALINA,0
ilanas,0
niaasl,0
sianal,0
varun,1
varun,1
varun,1
VARUN,1
varun,1
devi,0
veid,0
DEVI,0
edvi,0
iedv,0
draah,0
dhara,0
dhara,0
DHARA,0
aahrd,0
hlikhsea,1
akhilesh,1
akhilesh,1
kselhiah,1
AKHILESH,1
uslni,1
iulsn,1
SUNIL,1
sunil,1
SUNIL,1
RAJIV,1
rjvia,1
jiavr,1
airjv,1
rijva,1
abuhn,1
huban,1
BHANU,1
abuhn,1
habnu,1
ABHISHEK,1
ahbkihes,1
hkhaibse,1
eksbihah,1
ABHISHEK,1
ubhaianmy,1
yanbuamih,1
uinybahma,1
ABHIMANYU,1
abhimanyu,1
abhiman,1
aihmnab,1
ABHIMAN,1
abhiman,1
nmihbaa,1
trbaah,1
aabhrt,1
bharat,1
BHARAT,1
BHARAT,1
ail,0
ial,0
ail,0
ila,0
lai,0
ahmsian,0
hamians,0
MANISHA,0
MANISHA,0
manisha,0
harshvi,0
HARSHVI,0
hsirvha,0
harshvi,0
harshvi,0
harshav,1
sahhavr,1
HARSHAV,1
harshav,1
harshav,1
ANSHU,0
ANSHU,0
hnasu,0
shanu,0
anshu,0
anisth,0
ihastn,0
SHANTI,0
tahnis,0
shanti,0
hanshika,0
khsiaanh,0
HANSHIKA,0
khnasaih,0
HANSHIKA,0
akaalm,0
aamakl,0
kamala,0
mlaaka,0
kaamla,0
anuradha,0
anuradha,0
rdaaunah,0
hadurnaa,0
anuradha,0
dev,1
evd,1
dev,1
dev,1
ved,1
nevarded,1
devendra,1
devendra,1
enrddave,1
devendra,1
avinash,1
haisnav,1
vnhaasi,1
AVINASH,1
aavsnih,1
hdsraa,0
darsha,0
darsha,0
darsha,0
DARSHA,0
JANAK,1
ajkan,1
aknaj,1
knaja,1
JANAK,1
chandani,0
ncanihda,0
CHANDANI,0
chandani,0
nnhicada,0
naomh,1
MOHAN,1
mohan,1
manoh,1
monah,1
iamxl,0
LAXMI,0
limax,0
xailm,0
axmli,0
leale,0
LEELA,0
LEELA,0
LEELA,0
lleae,0
ABHAY,1
ybaah,1
ahbay,1
abhay,1
bhyaa,1
kalo,1
aolk,1
okla,1
alok,1
loak,1
lnahisi,0
shalini,0
shalini,0
ilahins,0
shalini,0
SHIVANI,0
SHIVANI,0
shivani,0
hasviin,0
iivanhs,0
MANSI,0
MANSI,0
MANSI,0
MANSI,0
MANSI,0
mazida,0
MAZIDA,0
adiazm,0
mazida,0
adiamz,0
neaem,0
aemen,0
MEENA,0
MEENA,0
ameen,0
inha,0
hnai,0
hina,0
HINA,0
hina,0
natia,0
natai,0
taian,0
ainat,0
naati,0
aaalrbj,1
ajlabar,1
laaajrb,1
bajlara,1
balaraj,1
rsdaha,1
hrsdaa,1
hsadra,1
sharad,1
shaadr,1
AMIT,1
itam,1
AMIT,1
iamt,1
AMIT,1
asnyaj,1
SANJAY,1
sanyaj,1
SANJAY,1
ayjsna,1
VIKRAM,1
viarkm,1
rkivma,1
kairvm,1
VIKRAM,1
 rrkmauam,1
 rakuammr,1
karmru ma,1
ram kumar,1
murmka ra,1
ROHIT,1
ROHIT,1
ihtro,1
oihtr,1
hitro,1
SANTOSH,1
nsthoas,1
SANTOSH,1
oshasnt,1
thssnoa,1
isha,0
saih,0
shia,0
shai,0
isha,0
oamsn,0
mosna,0
SONAM,0
osamn,0
SONAM,0
ahsis hk,0
SHAKSHI ,0
shakshi ,0
SHAKSHI ,0
SHAKSHI ,0
gsaar,1
SAGAR,1
agsra,1
sagar,1
aasrg,1
NEETU,0
teune,0
eeutn,0
neetu,0
NEETU,0
PRATHAMESH,1
prathamesh,1
prathamesh,1
pahsehratm,1
PRATHAMESH,1
anjasan,0
sanjana,0
sanjana,0
nsajaan,0
annaajs,0
sneha,0
aehns,0
eansh,0
sneha,0
anshe,0
hsanle,0
ealshn,0
nalesh,0
ahnsle,0
alhesn,0
ksnyatua,0
synkutaa,0
nsukatya,0
yaukasnt,0
ukyatsna,0
omtih,1
iohtm,1
MOHIT,1
hmtio,1
MOHIT,1
rohan,1
ahnor,1
anrho,1
rahon,1
arohn,1
rehan,1
rehan,1
REHAN,1
rehan,1
rehan,1
ihvakisa,0
VAISHAKI,0
vaishaki,0
vaishaki,0
ivaihaks,0
KANIKA,0
kanika,0
KANIKA,0
KANIKA,0
akknai,0
kareena,0
KAREENA,0
KAREENA,0
nrkaeae,0
aeekrna,0
anirkta,0
niatark,0
katrina,0
KATRINA,0
knariat,0
slnama,1
SALMAN,1
msalna,1
aslnma,1
lnasma,1
ahiibtj,1
ABHIJIT,1
ABHIJIT,1
ABHIJIT,1
ajhtibi,1
DAYA,0
DAYA,0
yada,0
daay,0
yaad,0
llajteha,1
jethalal,1
JETHALAL,1
allhetaj,1
alejltha,1
abbait,0
babita,0
taabbi,0
babita,0
ababit,0
yrie,1
iyer,1
irye,1
riey,1
eyir,1
vyaij,1
VIJAY,1
vijay,1
iyjva,1
vijay,1
ROSHAN,1
ohasrn,1
rhnosa,1
hornsa,1
ROSHAN,1
erean,0
anere,0
reena,0
raeen,0
eearn,0
neha,0
anhe,0
ehna,0
NEHA,0
neha,0
pjnaairl,0
iarjapnl,0
aijalrnp,0
pranjali,0
naiarjlp,0
rushabh,1
aushhbr,1
RUSHABH,1
rubhash,1
ursabhh,1
HRUTIK,1
HRUTIK,1
HRUTIK,1
urthik,1
riktuh,1
khushboo,0
khushboo,0
khushboo,0
KHUSHBOO,0
ohsubhko,0
KHUSHI,0
KHUSHI,0
KHUSHI,0
KHUSHI,0
KHUSHI,0
jtyoi,0
jyoti,0
JYOTI,0
ytijo,0
tyoji,0
khera,0
rekha,0
rekha,0
REKHA,0
rekha,0
atni,0
TINA,0
aitn,0
anti,0
tina,0
VARSHA,0
varsha,0
VARSHA,0
VARSHA,0
VARSHA,0
rivanp,1
iranpv,1
narpvi,1
ivnarp,1
pniarv,1
nepicr,1
prince,1
prince,1
PRINCE,1
prince,1
PREM,1
mrep,1
mepr,1
epmr,1
ermp,1
aadnn,1
daann,1
ANAND,1
ANAND,1
nadna,1
iatvak,0
kavita,0
KAVITA,0
ativak,0
kavita,0
rtua,0
rtua,0
utra,0
ruta,0
ruta,0
urit,0
uirt,0
ritu,0
RITU,0
RITU,0
swamini,0
swamini,0
SWAMINI,0
swamini,0
awsiimn,0
bkaraamid,0
KADAMBARI,0
KADAMBARI,0
baadakrmi,0
kadambari,0
apraniky,0
irnapyak,0
yiakrnpa,0
aapiknyr,0
irakpany,0
champa,0
champa,0
mchpaa,0
amhacp,0
CHAMPA,0
ashu,0
sauh,0
ASHU,0
ashu,0
aush,0
monika,0
iamokn,0
amkion,0
nokaim,0
amkino,0
tkkei,0
ketki,0
kietk,0
kketi,0
ikekt,0
nihar,1
nihar,1
NIHAR,1
ianrh,1
nriha,1
unnamah,1
hanuman,1
hnnmaua,1
hanuman,1
HANUMAN,1
aurindh,1
anirudh,1
iuhnrad,1
ANIRUDH,1
riuadnh,1
aihsl,1
SAHIL,1
SAHIL,1
SAHIL,1
sahil,1
REET,1
reet,1
REET,1
REET,1
reet,1
riay,0
yria,0
riya,0
riya,0
yira,0
isdehn,1
DINESH,1
shnedi,1
sheidn,1
hedsin,1
mhskeu,1
mseuhk,1
mukesh,1
mhesuk,1
mukesh,1
nhsliae,1
NILESHA,1
nlesiha,1
ihalsne,1
liehans,1
nsguialgb,1
sbgnalgiu,1
GULABSING,1
iasngublg,1
GULABSING,1
enlae,0
aelne,0
neeal,0
nelae,0
leena,0
vertaj,1
etarvj,1
vrjaet,1
vertaj,1
VERTAJ,1
SIDDHESH,1
siddhesh,1
edidshhs,1
SIDDHESH,1
hsddsehi,1
hddrii,0
riddhi,0
ddrihi,0
dhriid,0
riddhi,0
ddhisi,0
shidid,0
SIDDHI,0
shdidi,0
SIDDHI,0
ruchita,0
ruchita,0
RUCHITA,0
RUCHITA,0
ruchita,0
atyasm,1
syaatm,1
sytmaa,1
SATYAM,1
astmya,1
PRAGNESH,1
ghpenars,1
pragnesh,1
pragnesh,1
npsaehrg,1
jgesnih,1
jignesh,1
JIGNESH,1
sejgnhi,1
jngheis,1
gmula,1
malug,1
gulam,1
mluag,1
lgaum,1
SHIV,1
vhis,1
vhsi,1
shiv,1
hsiv,1
DEEP,1
eped,1
pdee,1
peed,1
peed,1
hivsam,1
asivmh,1
SHIVAM,1
hisavm,1
SHIVAM,1
parth,1
tprha,1
ptarh,1
rtahp,1
haptr,1
amahrd,1
DHARAM,1
DHARAM,1
dharam,1
DHARAM,1
uhsabr,1
SAURBH,1
SAURBH,1
saurbh,1
hrsuba,1
pnakja,1
nkpaaj,1
pankaj,1
pknaaj,1
apkanj,1
hriets,1
RITESH,1
RITESH,1
ritesh,1
RITESH,1
SUMIT,1
SUMIT,1
itums,1
SUMIT,1
imust,1
vveki,1
vivek,1
vveik,1
ivkev,1
VIVEK,1
tejas,1
sejat,1
staje,1
jeast,1
esajt,1
tksahar,1
SARTHAK,1
atrhska,1
taraskh,1
sarthak,1
epetri,0
eeprti,0
ipeter,0
preeti,0
PREETI,0
thimma,1
hmmati,1
iatmmh,1
imtham,1
imamht,1
nhila,0
ilnha,0
hanil,0
lianh,0
alnhi,0
atharva,1
ATHARVA,1
atharva,1
hrtaava,1
vtraaah,1
SARVESH,1
rsashve,1
rvsehsa,1
sarvesh,1
SARVESH,1
pratik,1
trpika,1
PRATIK,1
pratik,1
aipktr,1
tmynaa,1
ymaatn,1
yatnam,1
ymtana,1
atmnay,1
sanjiv,1
SANJIV,1
insavj,1
jvisan,1
SANJIV,1
mnpoao,0
poonam,0
pnooma,0
aponmo,0
poonam,0
soumya,0
soumya,0
soumya,0
smyuao,0
umaoys,0
rushikesh,1
RUSHIKESH,1
RUSHIKESH,1
uhhiksers,1
uksrshihe,1
hinits,1
htniis,1
NISHIT,1
stihni,1
nishit,1
rpiya,0
priya,0
aipry,0
riyap,0
aripy,0
shashank,1
haasnkhs,1
SHASHANK,1
ansakshh,1
shashank,1
oboat,0
tooba,0
otoba,0
btoao,0
ooabt,0
byur,0
RUBY,0
RUBY,0
ruby,0
RUBY,0
PURVI,0
PURVI,0
PURVI,0
purvi,0
purvi,0
etseahl,0
sheetal,0
SHEETAL,0
lasehet,0
tselhae,0
ahhdsershd,1
shraddhesh,1
rsdsehhadh,1
SHRADDHESH,1
hsdasrhehd,1
kalyani,0
KALYANI,0
alyanik,0
kalyani,0
KALYANI,0
heet,1
ehet,1
heet,1
heet,1
ethe,1
here,0
heer,0
HEER,0
eher,0
hree,0
anushri,0
uarnhis,0
nasuhir,0
ANUSHRI,0
rasihun,0
rame,0
ERAM,0
rmea,0
earm,0
rame,0
sanket,1
sanket,1
ksaetn,1
aestnk,1
sanket,1
dursih,1
ihsudr,1
SUDHIR,1
SUDHIR,1
SUDHIR,1
knhaaasa,0
AAKANSHA,0
hanaaksa,0
aakansha,0
AAKANSHA,0
JASH,1
ajsh,1
jash,1
hsaj,1
JASH,1
SAYANDIP,1
SAYANDIP,1
ipnyasda,1
sayandip,1
SAYANDIP,1
faikha,0
FAIKHA,0
fakaih,0
iakafh,0
faikha,0
jitesh,1
sthjie,1
JITESH,1
jitesh,1
eisjht,1
anshul,1
anshul,1
uasnhl,1
anshul,1
ANSHUL,1
SUMEDH,1
sumedh,1
SUMEDH,1
husdem,1
semhdu,1
tyahstra,1
syrtahta,1
SATYARTH,1
SATYARTH,1
raytsaht,1
deepa,0
epdea,0
DEEPA,0
deeap,0
DEEPA,0
HARSHA,0
hhrsaa,0
hahasr,0
harsha,0
HARSHA,0
HARSH,1
harsh,1
harsh,1
shrha,1
hhsar,1
kharsmi,0
sakhmri,0
miashkr,0
rksmiha,0
krishma,0
istava,0
SAVITA,0
SAVITA,0
avtasi,0
tvaais,0
RAJAN,1
ajnar,1
ajarn,1
aarjn,1
rajan,1
puonor,0
ronoup,0
uoropn,0
NOOPUR,0
pnroou,0
yashu,1
AYUSH,1
AYUSH,1
ysuah,1
yashu,1
kriti,0
ikirt,0
triik,0
riikt,0
kriit,0
nikita,0
tknaii,0
nikita,0
tianki,0
iiaknt,0
shukm,0
MUSHK,0
MUSHK,0
mushk,0
hkusm,0
RAKHI,0
akrih,0
RAKHI,0
RAKHI,0
kaihr,0
MAMTA,0
amamt,0
mamta,0
taamm,0
mamta,0
ADARSH,1
adarsh,1
adarsh,1
ashadr,1
srahad,1
ishan,1
ISHAN,1
nhsai,1
nhisa,1
ISHAN,1
JANKI,0
njaik,0
janki,0
kajin,0
nkjia,0
tnsehi,1
iehtsn,1
iethsn,1
NITESH,1
NITESH,1
SOHINI,0
onsiih,0
nisohi,0
SOHINI,0
SOHINI,0
irunk,0
rkiun,0
nrkui,0
uikrn,0
rinku,0
olyd,0
oyld,0
ydlo,0
doly,0
dyol,0
pavan,1
anapv,1
vnaap,1
npvaa,1
naavp,1
vtaus,1
uavts,1
uvtas,1
utsav,1
UTSAV,1
dmuhraa,0
rdmuaah,0
mahrdau,0
hudrmaa,0
madhura,0
swati,0
istwa,0
asiwt,0
tawis,0
swati,0
enirv,1
enrvi,1
rnive,1
VIREN,1
VIREN,1
AMITA,1
taiam,1
amita,1
amita,1
amiat,1
aneer,0
REENA,0
neear,0
renea,0
REENA,0
nimesh,1
nimesh,1
semihn,1
nimesh,1
eihnsm,1
lliapva,0
pallavi,0
vlaaipl,0
pvialla,0
pallavi,0
heasrymu,1
yamusreh,1
mayuresh,1
mresyahu,1
mayuresh,1
DIMPAL,0
dmpial,0
pmlaid,0
dimpal,0
ipmdla,0
haials,0
slaiah,0
ALISHA,0
aihlas,0
iaalsh,0
dzai,1
ZAID,1
zaid,1
zaid,1
idaz,1
bimash,0
misbah,0
sbmhia,0
misbah,0
misbah,0
JINAL,0
jinal,0
alijn,0
JINAL,0
JINAL,0
nilam,0
imaln,0
nalim,0
nilam,0
nilam,0
rhuic,0
RUCHI,0
RUCHI,0
irhcu,0
hcuri,0
jra,1
RAJ,1
raj,1
ajr,1
raj,1
husa,0
huas,0
USHA,0
asuh,0
hasu,0
OMKAR,1
omkar,1
omkar,1
OMKAR,1
OMKAR,1
LALITA,0
lltaia,0
lalita,0
ailtla,0
lalita,0
seema,0
seame,0
mesea,0
seema,0
seema,0
MAHESH,1
MAHESH,1
MAHESH,1
eashmh,1
mahesh,1
inrhiso,0
sinriho,0
oihrnis,0
ROSHINI,0
roshini,0
aeget,0
geeta,0
geeta,0
gteea,0
etega,0
naerrnad,1
narendra,1
nrrdaena,1
nearandr,1
narendra,1
ezhnas,1
SHENAZ,1
shenaz,1
SHENAZ,1
shenaz,1
KAUSTUBH,1
kaustubh,1
kaustubh,1
huuastkb,1
kaustubh,1
juaan,0
janau,0
anuja,0
ANUJA,0
anuja,0
KIRAN,0
nkiar,0
kiran,0
arnki,0
KIRAN,0
rajni,0
ianrj,0
RAJNI,0
airnj,0
RAJNI,0
avran,1
rvaan,1
avnra,1
anrav,1
aarnv,1
aakpl,0
palak,0
palak,0
PALAK,0
PALAK,0
aamkl,0
KAMLA,0
KAMLA,0
KAMLA,0
kamla,0
noor,0
onor,0
noor,0
roon,0
onro,0
jraso,0
saroj,0
josra,0
saroj,0
sorja,0
dipika,0
aiidpk,0
dipika,0
dipika,0
DIPIKA,0
shivam,1
svhmia,1
vmshia,1
SHIVAM,1
mhasvi,1
mnirak,1
miarnk,1
RAMNIK,1
ramnik,1
nikmra,1
adpeek,1
kapede,1
DEEPAK,1
pedkae,1
DEEPAK,1
manoj,1
manoj,1
ojnma,1
mjnao,1
oajnm,1
masnuahn,1
ANSHUMAN,1
ANSHUMAN,1
uhsnmana,1
ANSHUMAN,1
SHAILESH,1
heislahs,1
shailesh,1
hsilshae,1
sshhleia,1
mrniaa,0
maarin,0
namira,0
NAMIRA,0
maarni,0
ejhars,1
hejasr,1
rajesh,1
rajesh,1
hesajr,1
hjui,0
JUHI,0
jihu,0
juhi,0
juhi,0
virti,0
virti,0
irtvi,0
vitir,0
tiirv,0
raavi,0
raavi,0
raavi,0
raavi,0
aravi,0
RAVI,1
ravi,1
RAVI,1
RAVI,1
RAVI,1
msahni,1
ihamsn,1
aishnm,1
manish,1
nhsima,1
sunita,0
stauin,0
SUNITA,0
SUNITA,0
nsiuat,0
shayiv,0
YASHVI,0
hvsaiy,0
yashvi,0
aisvhy,0
div,1
div,1
ivd,1
DIV,1
vdi,1
taral,1
TARAL,1
taral,1
taral,1
aalrt,1
zarsraf,1
SARFARZ,1
fazrrsa,1
rrsaazf,1
SARFARZ,1
lai,1
lai,1
lai,1
ali,1
lia,1
lrhau,1
hulra,1
rahul,1
ualrh,1
RAHUL,1
yogita,0
oatygi,0
iatoyg,0
ygatoi,0
iaytgo,0
raejdnar,1
derjaran,1
rreajnad,1
neadajrr,1
edrranja,1
DEVKI,0
devki,0
DEVKI,0
DEVKI,0
DEVKI,0
durag,0
durga,0
rdgau,0
adgru,0
durga,0
SONYA,0
yonsa,0
sonya,0
sonya,0
sonya,0
uanrib,0
rubina,0
RUBINA,0
rubina,0
rubina,0
setgaean,0
eaagsten,0
sangeeta,0
SANGEETA,0
sangeeta,0
NISHA,0
NISHA,0
nisha,0
nisha,0
NISHA,0
nishant,1
hsatnni,1
anstihn,1
NISHANT,1
nstahin,1
sita,1
SITA,1
sita,1
iats,1
sait,1
admnreha,1
mahendra,1
mahendra,1
MAHENDRA,1
MAHENDRA,1
anchis,1
ahsnci,1
snicah,1
csainh,1
SACHIN,1
arrdnvai,1
ravindra,1
ravindra,1
ravindra,1
riaavrdn,1
ambati,1
AMBATI,1
aaibtm,1
ambati,1
maabit,1
hiomn,1
hinmo,1
ominh,1
MOHIN,1
hnmoi,1
virat,1
VIRAT,1
tivar,1
itvar,1
rativ,1
RUTURAJ,1
ruturaj,1
ruturaj,1
utaujrr,1
atruruj,1
wbthaai,0
ahwibat,0
bhawati,0
hbwiata,0
bhawati,0
rapdas,1
aprads,1
dsraap,1
pdraas,1
asdapr,1
pinkesh,1
PINKESH,1
PINKESH,1
pinkesh,1
isnphek,1
iitnn,1
NITIN,1
tnini,1
NITIN,1
NITIN,1
eteh,1
htee,1
heet,1
tehe,1
HEET,1
zeel,1
leez,1
zeel,1
ZEEL,1
ezel,1
rakesh,1
rakesh,1
kresah,1
erhska,1
asekrh,1
skatah,1
AKSHAT,1
ksatha,1
akshat,1
hsaakt,1
akshita,0
AKSHITA,0
aahikst,0
akshita,0
thaisak,0
hskaat,0
AKSHTA,0
sthaak,0
akshta,0
taashk,0
korna,1
RONAK,1
ronak,1
ranko,1
RONAK,1
rinkesh,1
RINKESH,1
RINKESH,1
ernshki,1
RINKESH,1
anvhs,1
shanv,1
nhsav,1
vnash,1
vansh,1
saevndh,1
vneadhs,1
DEVANSH,1
DEVANSH,1
DEVANSH,1
devanshi,0
DEVANSHI,0
devanshi,0
nehsadvi,0
idshvnea,0
PRITESH,1
pitrshe,1
PRITESH,1
hstipre,1
stprieh,1
ramesh,1
hsarem,1
amserh,1
hsmare,1
ramesh,1
nhauavb,1
uhvabna,1
ahabvun,1
ahvnuab,1
ANUBHAV,1
lkhso,1
SHLOK,1
lkosh,1
SHLOK,1
shlok,1
sahlok,0
kholas,0
kalhos,0
kshloa,0
SHLOKA,0
AMAIRA,0
imaraa,0
amaair,0
AMAIRA,0
AMAIRA,0
nvya,0
nvya,0
yavn,0
nyav,0
NVYA,0
dnoiv,1
VINOD,1
VINOD,1
VINOD,1
odnvi,1
ugdu,0
ugdu,0
gduu,0
DUGU,0
gduu,0
tarjan,1
rtanaj,1
arjatn,1
TARJAN,1
TARJAN,1
DELSI,0
DELSI,0
esdli,0
delsi,0
disel,0
daisy,0
daisy,0
ysiad,0
DAISY,0
daisy,0
agrce,0
egarc,0
GRACE,0
GRACE,0
rcega,0
charmi,0
amrhci,0
hcimra,0
crhmia,0
hricam,0
vipul,1
vlupi,1
vipul,1
ipvul,1
VIPUL,1
veer,1
veer,1
VEER,1
veer,1
rvee,1
VIPIN,1
pivin,1
vinpi,1
VIPIN,1
ivpni,1
NAYAN,1
annay,1
nyaan,1
anany,1
anayn,1
ajint,1
ijnat,1
jatin,1
ajtin,1
JATIN,1
shadab,1
adsbah,1
SHADAB,1
shadab,1
SHADAB,1
rabik,1
rabki,1
arikb,1
kirab,1
ibark,1
farhan,1
anrfah,1
farhan,1
FARHAN,1
farhan,1
ibars,1
iasrb,1
sabir,1
iarsb,1
SABIR,1
isihr,1
hisri,1
rishi,1
rishi,1
rsiih,1
virendra,1
virendra,1
radienrv,1
virendra,1
VIRENDRA,1
isdha,0
shida,0
DISHA,0
shdai,0
sdahi,0
saiilfa,0
saifali,0
aialfsi,0
iasfila,0
ailsafi,0
ldaihsr,1
ihadslr,1
darshil,1
sharldi,1
riasldh,1
RUTAVA,0
rutava,0
rutava,0
rutava,0
auvtar,0
tripti,0
tripti,0
itript,0
tripti,0
tripti,0
trupti,0
TRUPTI,0
ptitru,0
trupti,0
trupti,0
parltu,1
turpal,1
TRUPAL,1
turpal,1
trupal,1
halese,0
SHEELA,0
sheela,0
SHEELA,0
seheal,0
sihska,0
akhsis,0
skshia,0
SAKSHI,0
sakish,0
aktpli,1
kalpit,1
laipkt,1
kalpit,1
KALPIT,1
hinsam,0
ashmin,0
ashmin,0
asmhni,0
ashmin,0
gulshan,1
gulshan,1
GULSHAN,1
gulshan,1
gulshan,1
PARVEEN,1
penaerv,1
parveen,1
PARVEEN,1
PARVEEN,1
onrkam,1
rmnaok,1
MONARK,1
MONARK,1
MONARK,1
jitendra,1
jitendra,1
netdiraj,1
tdanreji,1
jitendra,1
fafai,0
aiaff,0
afiaf,0
iffaa,0
ifaaf,0
AKHSITA,0
AKHSITA,0
aihksat,0
taskhia,0
AKHSITA,0
ujra,0
urja,0
aruj,0
aurj,0
rjau,0
bhumi,0
iubmh,0
ibhmu,0
iumhb,0
biuhm,0
SIMMY,0
isymm,0
msmiy,0
simmy,0
SIMMY,0
chahat,0
tahcha,0
haathc,0
CHAHAT,0
hhatac,0
radhahasvn,0
DHANVARSHA,0
dhanvarsha,0
DHANVARSHA,0
dhanvarsha,0
SANDHYA,0
sandhya,0
SANDHYA,0
SANDHYA,0
ydnhaas,0
shrdheuv,1
sderhuvh,1
dhruvesh,1
svrhuehd,1
hvuedhsr,1
pergeud,1
gurdeep,1
dgupere,1
GURDEEP,1
gurdeep,1
arnuj,0
ranju,0
RANJU,0
rjaun,0
ranju,0
akte,0
etka,0
EKTA,0
keta,0
ekta,0
PAYAL,0
plyaa,0
payal,0
payal,0
yaalp,0
moafr,0
foram,0
FORAM,0
froam,0
amfor,0
sonya,0
SONYA,0
sonya,0
snoya,0
aonsy,0
VIMLA,0
imlav,0
vimla,0
vimla,0
mailv,0
unams,0
suman,0
SUMAN,0
suman,0
nmsau,0
DIPAL,0
DIPAL,0
dipal,0
dipal,0
lpadi,0
rsmtaai,1
artmasi,1
SITARAM,1
isatmra,1
aimstra,1
nkipi,0
ipkin,0
PINKI,0
PINKI,0
PINKI,0
het,1
eth,1
eth,1
eth,1
het,1
nuipk,1
pinku,1
PINKU,1
kpniu,1
PINKU,1
HONEY,0
honye,0
oheyn,0
HONEY,0
HONEY,0
ibjas,1
JASBI,1
sbija,1
bsaji,1
bsjia,1
MADHVI,0
madhvi,0
MADHVI,0
iahmdv,0
MADHVI,0
RUKSANA,0
ruksana,0
RUKSANA,0
ruksana,0
ruksana,0
om,1
OM,1
OM,1
mo,1
om,1
DIXIT,1
tiixd,1
itdxi,1
DIXIT,1
DIXIT,1
DIXITA,0
DIXITA,0
tiadix,0
xidiat,0
dixita,0
rinob,1
robin,1
ROBIN,1
rnbio,1
ROBIN,1
diekv,0
vekdi,0
ikved,0
ivekd,0
DEVKI,0
PRIYANSHI,0
piisrnhay,0
niahryspi,0
spryiianh,0
priyanshi,0
aditya,1
tdyiaa,1
iaytda,1
ADITYA,1
yiaatd,1
rasmhi,0
rahims,0
RASHMI,0
RASHMI,0
hiasmr,0
mnnaa,1
MANAN,1
annam,1
nanam,1
nmnaa,1
hhdasi,1
SHAHID,1
shahid,1
daihsh,1
isahdh,1
nvanad,0
VANDNA,0
naadnv,0
vandna,0
naadnv,0
farida,0
FARIDA,0
adrafi,0
FARIDA,0
farida,0
ihuisnas,0
snshiuai,0
suhasini,0
siianhus,0
SUHASINI,0
ASHA,0
hasa,0
ahsa,0
saah,0
ASHA,0
sharmila,0
sharmila,0
sharmila,0
amraishl,0
SHARMILA,0
iahn,0
HINA,0
hina,0
nahi,0
hina,0
GUTAM,1
agmtu,1
tmaug,1
GUTAM,1
mtuga,1
jaainm,1
aamjni,1
miaajn,1
aanjim,1
jmaain,1
mox,1
MOX,1
mxo,1
xom,1
mxo,1
DURGESH,1
hgrdeus,1
gesduhr,1
durgesh,1
DURGESH,1
herjibs,1
brijesh,1
jishbre,1
BRIJESH,1
brijesh,1
sprash,1
psarsh,1
SPRASH,1
sprash,1
sshapr,1
iutnp,1
PUNIT,1
tuinp,1
PUNIT,1
tiupn,1
tmiugr,1
gurmit,1
irmgut,1
rutmig,1
gtrmiu,1
epturger,1
GURPREET,1
rgueertp,1
GURPREET,1
erpegtru,1
SIDDHU,1
SIDDHU,1
SIDDHU,1
siddhu,1
diushd,1
adhmar,1
dharam,1
raadhm,1
ahrdam,1
DHARAM,1
KEJRIVAL,1
KEJRIVAL,1
lkjrieva,1
lrakjiev,1
kejrival,1
iamrtp,1
rtpmia,1
PRITAM,1
ratpmi,1
pritam,1
rdndevie,1
dnedvier,1
devinder,1
devinder,1
devinder,1
namar,1
raman,1
aranm,1
rnmaa,1
RAMAN,1
GAJENDRA,1
adrgnaje,1
jadrnega,1
rajdgane,1
GAJENDRA,1
atullah,1
aahtull,1
ATULLAH,1
aulahtl,1
atullah,1
eltaham,0
HEMLATA,0
htlaaem,0
hemlata,0
hemlata,0
rihana,0
anhrai,0
RIHANA,0
ahnrai,0
rihnaa,0
DEEPA,0
deepa,0
DEEPA,0
eadep,0
DEEPA,0
daipil,0
idliap,0
liaipd,0
dipila,0
piilda,0
sabnam,0
sabnam,0
asnbam,0
aabmns,0
amanbs,0
juman,0
ANJUM,0
ANJUM,0
anjum,0
anjum,0
uskhatr,1
utkarsh,1
rhktasu,1
utkarsh,1
uartksh,1
ismna,0
asmni,0
smnai,0
MANSI,0
asmni,0
anabi,0
BAANI,0
BAANI,0
baani,0
aaibn,0
VAANI,0
VAANI,0
VAANI,0
VAANI,0
VAANI,0
nisab,0
siabn,0
BANSI,0
BANSI,0
BANSI,0
cnianth,1
chintan,1
CHINTAN,1
hctinan,1
nitachn,1
trusha,0
trusha,0
taruhs,0
thrsau,0
ahsrtu,0
PANTH,1
PANTH,1
pathn,1
panth,1
aphtn,1
hivnas,1
avnish,1
AVNISH,1
avnish,1
vnaish,1
sienj,0
jsine,0
jesin,0
JENSI,0
eijsn,0
snrei,0
reisn,0
RENSI,0
siren,0
RENSI,0
RAKSHIT,1
rhtsaik,1
rakshit,1
kisahtr,1
akithrs,1
nensi,0
nensi,0
NENSI,0
NENSI,0
senin,0
mansi,0
sinam,0
manis,0
isman,0
mansi,0
uhahsbm,1
SHUBHAM,1
shbuhma,1
SHUBHAM,1
shambhu,1
HENIL,1
lihne,1
nehil,1
henil,1
HENIL,1
itrki,0
kirti,0
iritk,0
kirti,0
KIRTI,0
alasvt,1
vatsal,1
VATSAL,1
altsav,1
vatsal,1
thsru,0
hsrtu,0
rhstu,0
shrut,0
SHRUT,0
dhruvin,1
dhruvin,1
dvihrun,1
drivhun,1
hdvruni,1
nataarm,0
aaarmtn,0
namrata,0
taarnam,0
aaanrtm,0
darshika,0
skaaihrd,0
DARSHIKA,0
darshika,0
dsrkaiha,0
larknu,1
KRUNAL,1
ulknar,1
lrukan,1
KRUNAL,1
hyeasr,0
hasery,0
SHREYA,0
SHREYA,0
ehysar,0
darshil,1
hslarid,1
DARSHIL,1
ildarhs,1
irhdasl,1
saarh,1
aarsh,1
aarsh,1
ahars,1
aarsh,1
bkiha,1
kbahi,1
abhik,1
abhik,1
ABHIK,1
romi,0
oimr,0
irom,0
ROMI,0
romi,0
auprth,0
hupatr,0
aruhtp,0
prutha,0
prutha,0
plisa,0
lipsa,0
alsip,0
laisp,0
LIPSA,0
nisadkh,0
hsdnkia,0
skhidna,0
naikhds,0
idskhan,0
iaahvn,0
nhavia,0
naahiv,0
iaanvh,0
vihana,0
nemil,1
eminl,1
inlem,1
NEMIL,1
NEMIL,1
krupali,0
rliaukp,0
plaurki,0
lirupka,0
krupali,0
DIPEN,1
DIPEN,1
ienpd,1
DIPEN,1
epdni,1
preksha,0
pkaeshr,0
PREKSHA,0
PREKSHA,0
PREKSHA,0
naishar,1
NAISHAR,1
nishraa,1
nishaar,1
ashianr,1
yehrs,1
SHREY,1
hersy,1
shrey,1
SHREY,1
jla,0
ajl,0
jla,0
JAL,0
alj,0
samir,1
mrais,1
samir,1
rsiam,1
samir,1
KEVAL,1
KEVAL,1
keval,1
keval,1
KEVAL,1
raiv,1
ariv,1
avir,1
ivar,1
RAVI,1
aaithsrk,0
rakshita,0
RAKSHITA,0
RAKSHITA,0
RAKSHITA,0
SHOBHA,0
SHOBHA,0
SHOBHA,0
SHOBHA,0
ohsbha,0
esatwh,0
SHWETA,0
SHWETA,0
haewts,0
swthae,0
iray,0
RIYA,0
riya,0
yria,0
riya,0
ain,0
nia,0
ain,0
nia,0
NIA,0
ishin,0
shiin,0
inhsi,0
SHINI,0
nsihi,0
DHARA,0
aadrh,0
hdraa,0
DHARA,0
rdaha,0
aurdnv,0
nrvdua,0
vnudar,0
vndaru,0
VRUNDA,0
yesha,0
YESHA,0
yesha,0
ehsya,0
yesha,0
trish,0
TRISH,0
TRISH,0
trish,0
trish,0
satish,1
SATISH,1
sshiat,1
itashs,1
ssaiht,1
laesj,0
SEJAL,0
eljas,0
jleas,0
sejal,0
ggiar,0
griag,0
gragi,0
airgg,0
gargi,0
fnile,1
finle,1
ilefn,1
FENIL,1
nlfie,1
tlaim,0
MITAL,0
mital,0
mital,0
aimlt,0
apajl,0
jalpa,0
JALPA,0
aajlp,0
JALPA,0
hiren,1
irhen,1
hiren,1
nheir,1
enrhi,1
niilra,0
nirali,0
NIRALI,0
anlrii,0
iarnli,0
apruva,1
apruva,1
APRUVA,1
uavrpa,1
aarupv,1
unso,1
ouns,1
nuos,1
nuso,1
soun,1
PURBI,0
purbi,0
purbi,0
uirbp,0
PURBI,0
lhasim,1
shamil,1
SHAMIL,1
alimsh,1
mlhisa,1
amisha,0
amisha,0
mhasia,0
ahaims,0
shaiam,0
uhasriv,0
URVISHA,0
rsiavhu,0
ushirav,0
avirhus,0
rsuvhu,1
uhvsru,1
rvsuuh,1
urvshu,1
URVUSH,1
atsew,0
SWETA,0
sweta,0
sweta,0
sweta,0
sntaaha,0
natasha,0
NATASHA,0
natasha,0
tnasaah,0
hteue,1
heetu,1
etehu,1
ethue,1
HEETU,1
tanvi,0
ivant,0
TANVI,0
tinav,0
TANVI,0
naina,0
naina,0
NAINA,0
naina,0
naina,0
dhaval,1
dhaval,1
DHAVAL,1
DHAVAL,1
DHAVAL,1
isvhirut,0
vutiirsh,0
VISHRUTI,0
ivihsurt,0
utvsirih,0
adaiyn,0
nadiya,0
nadiya,0
nadiya,0
nadiya,0
aatsh,0
atahs,0
taash,0
hasat,0
astah,0
chaya,0
CHAYA,0
chaya,0
ycaha,0
ayahc,0
aisalk,0
ikaals,0
kaslai,0
liaaks,0
SAKILA,0
dahra,0
radha,0
rhada,0
radha,0
RADHA,0
neha,0
aneh,0
hean,0
NEHA,0
neha,0
mrai,0
mira,0
MIRA,0
MIRA,0
mrai,0
swit,0
swti,0
swti,0
swti,0
swti,0
dhvani,0
DHVANI,0
dhvani,0
dhvani,0
idvnah,0
minal,0
minal,0
amiln,0
MINAL,0
limna,0
hivask,0
KASHVI,0
kashvi,0
kashvi,0
saikhv,0
amay,0
ayma,0
maya,0
myaa,0
ayam,0
kaliksha,0
kaliksha,0
kaliksha,0
KALIKSHA,0
kaliksha,0
iahnis,0
iiahsn,0
ISHANI,0
ISHANI,0
ishani,0
minok,1
monik,1
monik,1
knoim,1
mnkoi,1
aknwtil,0
twinkal,0
itlawkn,0
TWINKAL,0
twinkal,0
ajusrh,0
shruja,0
uhsjar,0
uhjars,0
hsjaur,0
rupa,0
rupa,0
paru,0
rupa,0
RUPA,0
ratnag,1
TARANG,1
TARANG,1
tarang,1
agnrta,1
nilkhi,1
nikhil,1
NIKHIL,1
nikhil,1
NIKHIL,1
axitd,1
DAXIT,1
atdix,1
daxit,1
DAXIT,1
ARMY,1
ARMY,1
army,1
mayr,1
rmay,1
SURBHI,0
surbhi,0
surbhi,0
isruhb,0
isbruh,0
hetul,1
uehtl,1
hetul,1
hleut,1
teluh,1
eehanrs,0
SHREENA,0
SHREENA,0
nsraeeh,0
SHREENA,0
palav,0
PALAV,0
PALAV,0
vlaap,0
lpava,0
SHYAM,1
hsaym,1
SHYAM,1
SHYAM,1
yamhs,1
DIVYESH,1
divyesh,1
DIVYESH,1
eihsdyv,1
divyesh,1
gopi,0
piog,0
GOPI,0
gopi,0
gopi,0
HARDI,0
HARDI,0
hardi,0
hardi,0
HARDI,0
bhakti,0
ahtbik,0
BHAKTI,0
bhakti,0
kthabi,0
man,1
man,1
amn,1
man,1
MAN,1
mtrei,0
ertmi,0
METRI,0
metri,0
mtrei,0
alka,0
ALKA,0
ALKA,0
aalk,0
aakl,0
njueb,0
JUNEB,0
JUNEB,0
JUNEB,0
JUNEB,0
romil,1
rilom,1
romil,1
romil,1
orilm,1
taink,1
ANKIT,1
ankit,1
iknta,1
ankit,1
ANANDI,0
nadian,0
anandi,0
iadann,0
anandi,0
uvaritk,0
truakvi,0
VRUTIKA,0
vuaktri,0
VRUTIKA,0
DHRUMIN,1
dhrumin,1
dimuhrn,1
rmudnhi,1
idnmuhr,1
MUSKAN,0
muskan,0
muskan,0
sunamk,0
asnumk,0
ikeshr,1
krihse,1
kshrei,1
rikesh,1
rikesh,1
kiygan,1
gyknia,1
YAGNIK,1
yaingk,1
YAGNIK,1
vuyi,0
YUVI,0
iyuv,0
vyui,0
YUVI,0
YUVARAJ,1
YUVARAJ,1
YUVARAJ,1
aauvyrj,1
YUVARAJ,1
manav,1
MANAV,1
mnava,1
anvam,1
manav,1
grishma,0
GRISHMA,0
hrismag,0
hragmsi,0
grishma,0
BRINDA,0
BRINDA,0
brinda,0
brinda,0
brinda,0
epdjeay,1
deeyajp,1
eyadjep,1
JAYDEEP,1
eajdype,1
uyg,1
YUG,1
yug,1
YUG,1
guy,1
apir,0
iapr,0
irpa,0
prai,0
pari,0
keyur,1
eyurk,1
keyur,1
KEYUR,1
KEYUR,1
khsaa,1
akash,1
akash,1
akash,1
ashka,1
hidiv,0
VIDHI,0
vidhi,0
ihvid,0
ivdih,0
dhhsiiva,0
iaisdhhv,0
vidhisha,0
vidhisha,0
disivhah,0
jimy,0
jimy,0
jimy,0
JIMY,0
imyj,0
bhadresh,1
BHADRESH,1
BHADRESH,1
bhadresh,1
bhadresh,1
srmiaa,1
rsaiam,1
imaras,1
amisar,1
raaims,1
zleni,1
ilnez,1
ZENIL,1
nlize,1
zenil,1
nhackna,0
kanchan,0
cnknhaa,0
kchnaan,0
kachnna,0
psanaa,0
naapsa,0
aanspa,0
aanspa,0
apasna,0
eifn,0
einf,0
FENI,0
fnie,0
fnei,0
RAJSHREE,0
rajshree,0
rajshree,0
RAJSHREE,0
shraejer,0
auprasw,0
SWARUPA,0
SWARUPA,0
awauspr,0
swarupa,0
dipsa,0
dipsa,0
dspia,0
sadpi,0
sidpa,0
rseihch,1
esrhich,1
isrhhce,1
cherish,1
cherish,1
tari,0
tari,0
tira,0
iatr,0
tari,0
hiilaasv,0
aiihlasv,0
viaalhsi,0
VAISHALI,0
ilsvahai,0
nshaihmi,0
hiahmsin,0
ihnhimas,0
hmahnisi,0
inimashh,0
hrhiaar,1
rairhha,1
harihar,1
harhiar,1
riaarhh,1
truich,1
ruchit,1
ruchit,1
cuhrit,1
ruchit,1
rnoo,0
oonr,0
NOOR,0
nroo,0
noor,0
ANMOL,1
lnoam,1
oanml,1
aonlm,1
anmol,1
rtgyai,0
GAYTRI,0
gaytri,0
yirtag,0
GAYTRI,0
rtiushhs,0
uihshrts,0
usrthhis,0
SHRUSHTI,0
rushihts,0
AKSHAR,1
AKSHAR,1
akarhs,1
akshar,1
ahrksa,1
hynasiva,0
SHIVANYA,0
SHIVANYA,0
snayviha,0
sihvnyaa,0
unqiue,1
uiueqn,1
ueuqin,1
unique,1
UNIQUE,1
RUJAL,0
rujal,0
ujrla,0
RUJAL,0
rujla,0
gulista,0
aiugstl,0
GULISTA,0
GULISTA,0
gulista,0
avghar,1
havagr,1
araghv,1
raghav,1
hgavra,1
rlaog,0
GORAL,0
arogl,0
GORAL,0
GORAL,0
jayraj,1
jjryaa,1
rajajy,1
JAYRAJ,1
jyraja,1
prashant,1
PRASHANT,1
prashant,1
npaarsth,1
nhaspart,1
asrnksa,1
ksrsana,1
SANSKAR,1
nsaaskr,1
snaskar,1
emianf,0
FEMINA,0
FEMINA,0
femina,0
FEMINA,0
sryaah,0
asyhra,0
asrahy,0
sahary,0
SHAYRA,0
SANDY,0
SANDY,0
sandy,0
sdnya,0
SANDY,0
uvrslha,1
VRUSHAL,1
uvsharl,1
vrushal,1
rsvluha,1
BHAVIN,1
biahnv,1
BHAVIN,1
BHAVIN,1
vinabh,1
lemahsk,1
ahemlsk,1
KAMLESH,1
KAMLESH,1
KAMLESH,1
ikaln,0
nlkia,0
nialk,0
iklna,0
nklai,0
avira,0
varai,0
arvai,0
aavir,0
aairv,0
KARAN,1
aankr,1
KARAN,1
karan,1
KARAN,1
nohsggji,1
JOGSINGH,1
jogsingh,1
hnogijsg,1
isgjgonh,1
niukr,0
RINKU,0
RINKU,0
rinku,0
rinku,0
mliarn,0
airlnm,0
NIRMLA,0
nirmla,0
NIRMLA,0
kpdeeul,1
epkldeu,1
euedkpl,1
KULDEEP,1
deelkup,1
sapan,1
anpsa,1
asnpa,1
sapan,1
naspa,1
budaheep,1
BHAUDEEP,1
epehdbua,1
aubpheed,1
BHAUDEEP,1
raznaa,0
aanazr,0
anrzaa,0
aarnaz,0
anraza,0
reaem,0
reema,0
reema,0
REEMA,0
erame,0
ramuy,1
mayur,1
aurmy,1
ayrum,1
umary,1
danika,0
kdnaai,0
iadkan,0
danika,0
DANIKA,0
sillam,0
sillam,0
SILLAM,0
sillam,0
SILLAM,0
VARUN,1
varun,1
vraun,1
uvarn,1
vuran,1
HARSHID,1
rdhhsia,1
HARSHID,1
sarhhid,1
harshid,1
RISHA,0
isarh,0
iasrh,0
siahr,0
rhasi,0
nbsaria,0
banasri,0
anasibr,0
israabn,0
nasarbi,0
fiona,0
FIONA,0
oniaf,0
noifa,0
fiona,0
iaajilrhntc,0
chitranjali,0
icltjiraahn,0
CHITRANJALI,0
chitranjali,0
kriyesha,0
kriyesha,0
ykisaher,0
hikearys,0
KRIYESHA,0
ayravd,0
avdayr,0
dravya,0
varyad,0
dravya,0
NAGMA,0
nagma,0
nagma,0
gmana,0
nagma,0
eanpu,0
upena,0
eupna,0
upena,0
upena,0
vianr,1
varni,1
varni,1
VARNI,1
VARNI,1
kruti,0
KRUTI,0
kruti,0
kitru,0
rukti,0
adia,0
adai,0
diaa,0
idaa,0
aida,0
VANDAN,1
vandan,1
vnadan,1
vandan,1
naavdn,1
shakmari,0
srkahmia,0
hiaarmsk,0
KARISHMA,0
KARISHMA,0
SUNNY,1
uynns,1
nuysn,1
ysunn,1
nnuys,1
syaiiha,0
asiyahi,0
aiiasyh,0
siyaahi,0
siyaahi,0
amrepetn,1
pteemanr,1
MANPREET,1
emtrpane,1
manpreet,1
hiari,0
iahri,0
ihiar,0
hiari,0
hriai,0
ablinj,0
BINJAL,0
lajinb,0
lajnbi,0
blijna,0
miya,0
iyma,0
YAMI,0
yiam,0
yami,0
iudns,1
isdun,1
dsinu,1
dnsiu,1
sindu,1
iybnn,0
nyinb,0
ynbin,0
binny,0
BINNY,0
assir,0
issra,0
srisa,0
ssria,0
asrsi,0
itraki,0
itikra,0
iiktar,0
ritika,0
RITIKA,0
itayin,0
nyiiat,0
yiniat,0
ayitni,0
niyati,0
barkha,0
bhrkaa,0
hbaakr,0
kraabh,0
BARKHA,0
iartch,0
CHITRA,0
chitra,0
icraht,0
rahtic,0
MEGHANA,0
anhaemg,0
meagnha,0
amegnha,0
anhameg,0
sthmii,0
mishti,0
mishti,0
MISHTI,0
mishti,0
shilaurv,0
VRUSHALI,0
uhsvalri,0
savuhrli,0
uarilhsv,0
larhius,0
rsauilh,0
hsurali,0
RUSHALI,0
hailusr,0
itee,0
eiet,0
tiee,0
itee,0
ITEE,0
hiti,0
tiih,0
hiti,0
hiti,0
hiti,0
zbnira,0
BRINZA,0
abzrni,0
brinza,0
aibnzr,0
nisha,0
saihn,0
nisha,0
sniha,0
NISHA,0
MRUNAL,1
MRUNAL,1
MRUNAL,1
MRUNAL,1
rmalnu,1
eeyaz,0
ezaye,0
ezeay,0
zeeya,0
zeeya,0
imisr,0
smrii,0
misri,0
misri,0
irims,0
aneetz,0
zeenat,0
teanez,0
ezaent,0
zantee,0
darpan,1
darpan,1
DARPAN,1
ranpda,1
DARPAN,1
koral,0
kralo,0
KORAL,0
lkora,0
loark,0
ankush,1
kashun,1
aukhsn,1
ANKUSH,1
nhukas,1
CHAKSHU,0
hcsauhk,0
sckuahh,0
hhsucka,0
chuhsak,0
tasarika,0
rsaaaitk,0
airtasak,0
tasarika,0
tasarika,0
taanishka,0
iahatakns,0
TAANISHKA,0
aantikash,0
nkaathasi,0
KUMUD,0
KUMUD,0
ukudm,0
kdumu,0
kumdu,0
trisha,0
TRISHA,0
trisha,0
trisha,0
ahrist,0
MARGI,0
arigm,0
rmgai,0
mirga,0
margi,0
chaur,0
charu,0
hurac,0
charu,0
charu,0
rcaanh,1
CHARAN,1
CHARAN,1
CHARAN,1
rcahna,1
MANAS,1
ansam,1
mnaas,1
snaam,1
manas,1
kesha,0
KESHA,0
KESHA,0
eskah,0
KESHA,0
DIYARA,0
diyara,0
ryadia,0
dayair,0
diayra,0
kthiir,0
kirthi,0
kirthi,0
trikhi,0
KIRTHI,0
arman,1
anarm,1
amrna,1
aarnm,1
ARMAN,1
mamusi,0
smaium,0
siumam,0
masumi,0
MASUMI,0
ruvpam,1
upmrav,1
maurvp,1
ruvpam,1
purvam,1
NARESH,1
naresh,1
anhsre,1
naresh,1
NARESH,1
deyrah,1
hdyaer,1
aydhre,1
RADHEY,1
RADHEY,1
SHREYON,1
shreyon,1
shreyon,1
shreyon,1
oshryen,1
VINAY,1
VINAY,1
vinay,1
ynaiv,1
VINAY,1
vineet,1
eitnev,1
etnvie,1
VINEET,1
ievent,1
agarim,0
agiarm,0
garima,0
garima,0
gmarai,0
lviam,1
VIMAL,1
lvami,1
VIMAL,1
VIMAL,1
nghavaais,0
ansiavhag,0
ainvhsaga,0
shivaagna,0
shivaagna,0
snijiweat,0
natiwjise,0
tejaswini,0
TEJASWINI,0
eaijnitsw,0
vynaal,0
yaalvn,0
lynaav,0
lavnya,0
LAVNYA,0
alp,0
PAL,0
pla,0
alp,0
apl,0
tyani,0
tyani,0
TYANI,0
tyani,0
naity,0
SANCHET,1
sanchet,1
anetchs,1
sanchet,1
haesctn,1
AFTAB,1
AFTAB,1
aftab,1
aftab,1
AFTAB,1
zarin,0
ainrz,0
zarin,0
irazn,0
zarin,0
BIREN,1
biren,1
riben,1
biren,1
bnrie,1
vicky,1
VICKY,1
VICKY,1
kvyci,1
VICKY,1
KARISHMAASHITA,0
rhskiaaihamtsa,0
karishmaashita,0
KARISHMAASHITA,0
makashahtiasri,0
miloni,0
MILONI,0
linmio,0
minlio,0
nlimoi,0
nuari,0
rinau,0
inrau,0
runia,0
riaun,0
pranali,0
PRANALI,0
PRANALI,0
pranali,0
PRANALI,0
nliaom,0
MONALI,0
monali,0
oimanl,0
monali,0
goyi,1
yogi,1
YOGI,1
giyo,1
ogyi,1
omnsa,0
SONAM,0
sonam,0
SONAM,0
mason,0
AKHTAR,1
akhtar,1
AKHTAR,1
AKHTAR,1
aratkh,1
PRAPTI,0
PRAPTI,0
PRAPTI,0
piatpr,0
PRAPTI,0
bhoomik,1
BHOOMIK,1
mboikho,1
oikobhm,1
bhoomik,1
nirav,1
nirav,1
rvian,1
rvani,1
NIRAV,1
chirag,1
CHIRAG,1
chirag,1
chirag,1
rgachi,1
kundan,1
udnnak,1
kundan,1
kundan,1
knunad,1
aditi,0
tadii,0
ADITI,0
tadii,0
tidia,0
ajay,1
ajay,1
aajy,1
jaay,1
ajay,1
YUSUF,1
YUSUF,1
yufsu,1
sufuy,1
YUSUF,1
ranif,1
IRFAN,1
niarf,1
nrfai,1
fnari,1
heosgy,1
eygsho,1
oghyse,1
gsoehy,1
YOGESH,1
aashjyr,1
rhyjsaa,1
YASHRAJ,1
saahjry,1
YASHRAJ,1
ARISFA,0
isarfa,0
ifasar,0
siarfa,0
ARISFA,0
yagnesh,1
YAGNESH,1
YAGNESH,1
ehgsyna,1
hsgayen,1
diva,0
diva,0
diva,0
ivad,0
aidv,0
haresh,1
haresh,1
HARESH,1
ehhsra,1
rshhae,1
anmdi,1
amdin,1
nadim,1
minda,1
maind,1
imran,1
IMRAN,1
mnira,1
nirma,1
anrim,1
shenvi,1
sevnhi,1
VENISH,1
hesivn,1
esvnhi,1
aslmi,1
salim,1
msial,1
SALIM,1
salim,1
vrja,1
vajr,1
VRAJ,1
VRAJ,1
VRAJ,1
hkisha,1
shaikh,1
shaikh,1
sahhki,1
shaikh,1
VITHAL,1
avhilt,1
vithal,1
vithal,1
livtha,1
VISHRUT,1
VISHRUT,1
VISHRUT,1
vishrut,1
VISHRUT,1
vishal,1
VISHAL,1
VISHAL,1
VISHAL,1
VISHAL,1
KRUSHANG,1
gksuhnra,1
hnasrugk,1
nurhsgka,1
sahrukng,1
vrushang,1
vrushang,1
vrushang,1
VRUSHANG,1
avrshngu,1
alriv,1
avlri,1
ivarl,1
VIRAL,1
livra,1
SHRISHTI,0
rshsihti,0
tsihisrh,0
sithrsih,0
SHRISHTI,0
hirbta,0
ibrhta,0
bharti,0
BHARTI,0
hbrait,0
iachtr,0
rhciat,0
rcatih,0
chitra,0
ihacrt,0
ialalt,0
lalita,0
lalita,0
lliata,0
lalita,0
vanita,0
vanita,0
vanita,0
vanita,0
VANITA,0
injar,0
RAJNI,0
rjina,0
jainr,0
njiar,0
dolly,0
dolly,0
DOLLY,0
dolly,0
DOLLY,0
npomao,0
oomanp,0
POONAM,0
oamonp,0
amopno,0
lmipad,0
mpidla,0
dimpal,0
pidmla,0
maidlp,0
veera,0
eeavr,0
VEERA,0
eaevr,0
earev,0
aiknta,0
niaakt,0
ankita,0
ANKITA,0
ANKITA,0
MASUM,0
MASUM,0
smuam,0
masum,0
sumam,0
jneeta,0
tenaje,0
jeenat,0
taneej,0
tjeane,0
soniya,0
SONIYA,0
onaisy,0
onsiay,0
iasyon,0
NAMRTA,0
NAMRTA,0
namrta,0
namrta,0
mnraat,0
ridhima,0
RIDHIMA,0
ridhima,0
ridhima,0
iihardm,0
SMITA,0
smita,0
samit,0
SMITA,0
maits,0
aprawti,0
wriatpa,0
parwati,0
PARWATI,0
tpawari,0
ermap,0
prema,0
prema,0
apmer,0
PREMA,0
andnnii,0
niidann,0
NANDINI,0
niinnad,0
nandini,0
ntaak,0
KANTA,0
katan,0
kanta,0
tanka,0
VINU,1
VINU,1
VINU,1
uivn,1
VINU,1
RIZWAN,1
wrinza,1
riwnaz,1
rizwan,1
RIZWAN,1
VASHANT,1
VASHANT,1
vnhstaa,1
vashant,1
vashant,1
VANSHIKA,0
vanshika,0
aivhskna,0
nsaikavh,0
VANSHIKA,0
VALLABH,1
habalvl,1
lvlahab,1
vallabh,1
blavhal,1
swastik,1
swastik,1
stiaswk,1
SWASTIK,1
ksiwtas,1
shraddha,0
haradshd,0
rddhsaah,0
SHRADDHA,0
shdradha,0
pragati,0
iagrapt,0
iapatgr,0
apgitar,0
apartig,0
bhavana,0
banhaav,0
nhavaab,0
anvaahb,0
navahba,0
VALAJI,1
liavaj,1
valaji,1
VALAJI,1
ilaavj,1
argsa,1
sagar,1
SAGAR,1
rsaga,1
agrsa,1
nbihayr,1
yhinabr,1
nirbhay,1
arhyibn,1
nirbhay,1
erlgeagn,0
raenlgge,0
greengal,0
eengrgla,0
rleagegn,0
vakil,1
aikvl,1
viakl,1
ivkal,1
vakil,1
lutis,0
situl,0
tulsi,0
TULSI,0
stilu,0
UPENDRA,1
UPENDRA,1
uradenp,1
drnupea,1
rpnueda,1
leaen,0
aenle,0
anlee,0
neela,0
aelen,0
UMESH,1
UMESH,1
smeuh,1
UMESH,1
umshe,1
UMANG,1
magnu,1
umang,1
umang,1
umang,1
uka,1
uka,1
uka,1
uak,1
UKA,1
samita,0
aimtas,0
smatia,0
saatmi,0
siaamt,0
rhsaut,1
tarshu,1
TUSHAR,1
tushar,1
tashur,1
ISHAVAR,1
ishavar,1
ishavar,1
ishavar,1
ishavar,1
rviasa,1
ISAVAR,1
ISAVAR,1
isavar,1
sraiva,1
rkshi,1
KRISH,1
KRISH,1
krish,1
rshik,1
rsakhi,0
KRISHA,0
ikhsar,0
KRISHA,0
kharis,0
shpiyu,1
piyush,1
PIYUSH,1
yhpius,1
piyush,1
PIYUSHI,0
PIYUSHI,0
uyipish,0
psiiyuh,0
PIYUSHI,0
TIRTH,1
tirht,1
tithr,1
hirtt,1
TIRTH,1
tfosi,1
ftiso,1
TOSIF,1
TOSIF,1
tosif,1
lklaitm,1
TIKMLAL,1
tikmlal,1
TIKMLAL,1
lakmtli,1
THAKARSHI,1
hhitsarak,1
thakarshi,1
THAKARSHI,1
rsaathkih,1
shaurya,1
ahayrus,1
SHAURYA,1
usraayh,1
ahurays,1
sanadhya,0
aashndya,0
ahdaasny,0
hanaysad,0
aysaahdn,0
PRAHLAD,1
prahlad,1
prahlad,1
PRAHLAD,1
PRAHLAD,1
rabausah,1
aubarhsa,1
ruhsaaab,1
aasarhbu,1
rauabhas,1
gwstnae,1
gtanesw,1
tsgeawn,1
wegnsat,1
swetang,1
KANIKA,0
kanaki,0
kanaik,0
KANIKA,0
KANIKA,0
susil,1
ilsus,1
SUSIL,1
uilss,1
sslui,1
shakti,1
shakti,1
haktsi,1
atkshi,1
SHAKTI,1
iurhsd,1
iurdsh,1
iuhdsr,1
sudhir,1
hudris,1
namita,0
atinam,0
NAMITA,0
iatmna,0
namita,0
rajan,1
jnaar,1
RAJAN,1
raajn,1
jrana,1
SONANSHU,1
ansounhs,1
oshanusn,1
sonanshu,1
uonsnhas,1
raj,1
RAJ,1
raj,1
RAJ,1
raj,1
svaija,1
SAVAJI,1
SAVAJI,1
avsiaj,1
saajvi,1
vaibhav,1
ivbahva,1
bvaiavh,1
avbviah,1
vaibhav,1
PARESH,1
paresh,1
PARESH,1
ersahp,1
harspe,1
MITHIL,1
mithil,1
imtlhi,1
itlmhi,1
mithil,1
MEHUL,1
MEHUL,1
mehul,1
lumhe,1
MEHUL,1
midhav,0
iadhmv,0
madhvi,0
MADHVI,0
madhvi,0
skelpah,1
kalpesh,1
kalpesh,1
KALPESH,1
aelshpk,1
ahipk,0
ihapk,0
PAKHI,0
hkaip,0
pakhi,0
JAGDISH,1
JAGDISH,1
hadgsij,1
jhdsaig,1
siahdgj,1
pglao,1
glpoa,1
gopal,1
agolp,1
lpoga,1
dylalaa,1
yadalla,1
ldaaayl,1
aayldal,1
dlyaala,1
hiimjb,1
ijbmih,1
ihbjmi,1
hbjmii,1
bhimji,1
bhavik,1
khbvia,1
bhavik,1
hibvka,1
ivbkha,1
davair,1
ARAVID,1
aravid,1
airadv,1
vraiad,1
misa,0
imas,0
sima,0
misa,0
SIMA,0
SHUSILA,1
sisalhu,1
uhlasis,1
hasiusl,1
SHUSILA,1
SHAHID,1
SHAHID,1
SHAHID,1
shahid,1
SHAHID,1
vnaas,1
SAVAN,1
SAVAN,1
savan,1
savan,1
SAUMIL,1
saumil,1
maulsi,1
saumil,1
liuasm,1
srgana,1
ansarg,1
sagarn,1
sagarn,1
SARANG,1
indpsa,1
insdpa,1
SANDIP,1
snidap,1
ainspd,1
SANAT,1
anats,1
atans,1
sanat,1
SANAT,1
rmias,1
samir,1
SAMIR,1
samri,1
asrmi,1
jinag,0
JIGNA,0
njiag,0
niajg,0
aginj,0
rikuhs,1
khsuri,1
rushik,1
rushik,1
rushik,1
iekhsrn,1
RINKESH,1
RINKESH,1
RINKESH,1
RINKESH,1
hesmah,1
hesmah,1
mahesh,1
hashme,1
MAHESH,1
pragti,0
PRAGTI,0
PRAGTI,0
rgiatp,0
pragti,0
AMIT,1
amit,1
iamt,1
imat,1
amit,1
ranchod,1
rocndah,1
doncarh,1
adnrohc,1
nrdohca,1
ranjan,1
naanrj,1
njnara,1
ranjan,1
anjnar,1
anrpdi,1
pdrnia,1
RANDIP,1
airpnd,1
RANDIP,1
RAMLAL,1
RAMLAL,1
rmalla,1
amrall,1
ramlal,1
jenil,1
jenil,1
njeil,1
jilne,1
jenil,1
puan,1
PUNA,1
naup,1
PUNA,1
puna,1
prabhu,1
PRABHU,1
prahub,1
hrupba,1
urhbap,1
atrgap,1
pragat,1
PRAGAT,1
pragat,1
grptaa,1
PRACHI,0
ircahp,0
aphcri,0
hacrpi,0
prachi,0
arpfu l,1
praful ,1
praful ,1
l fparu,1
PRAFUL ,1
POPATLAL,1
POPATLAL,1
POPATLAL,1
popatlal,1
laoltppa,1
pinkesh,1
PINKESH,1
pinkesh,1
snikehp,1
senihpk,1
abdul,1
abdul,1
abdul,1
uldba,1
dalbu,1
ohad,1
oadh,1
ODHA,1
ODHA,1
hoda,1
jenish,1
jesinh,1
jenish,1
jinseh,1
JENISH,1
nitesh,1
NITESH,1
nitesh,1
tneshi,1
thines,1
nita,0
tian,0
itan,0
NITA,0
nita,0
niroj,1
jnori,1
niroj,1
jonir,1
njoir,1
mihens,1
nimesh,1
NIMESH,1
nimesh,1
eminsh,1
nilkanth,1
NILKANTH,1
NILKANTH,1
htkinnal,1
nantilkh,1
kujnni,1
nikunj,1
jinknu,1
NIKUNJ,1
nikunj,1
anlhi,1
anhli,1
nihal,1
naihl,1
anhli,1
NIHAR,1
ranih,1
NIHAR,1
ahrin,1
hrina,1
neeyal,1
neelay,1
yalene,1
neelay,1
elaeny,1
hsmnie,1
NEMISH,1
NEMISH,1
hisemn,1
NEMISH,1
lnee,1
nlee,1
enle,1
eeln,1
lene,1
INDRA,0
rdian,0
INDRA,0
riadn,0
radin,0
amujn,0
MANJU,0
MANJU,0
manju,0
uamnj,0
PARUL,0
arplu,0
parul,0
PARUL,0
PARUL,0
tara,0
aatr,0
tara,0
tara,0
TARA,0
krishka,0
KRISHKA,0
KRISHKA,0
shkiark,0
krishka,0
ILEMA,0
ilema,0
ILEMA,0
email,0
aeilm,0
iahabs,0
aasihb,0
SAHIBA,0
SAHIBA,0
haiasb,0
ninahdc,0
chandni,0
chandni,0
inchnda,0
aidnchn,0
mlaib,0
blmai,0
bimla,0
BIMLA,0
BIMLA,0
amay,0
maya,0
maya,0
MAYA,0
MAYA,0
saiatr,0
tirsaa,0
tisraa,0
SARITA,0
SARITA,0
biukrsh,0
bkisurh,0
irsubkh,0
sukhbir,0
sribhuk,0
saveta,0
asteav,0
saveta,0
saveta,0
SAVETA,0
rani,0
rani,0
rain,0
rain,0
RANI,0
kafia,0
KAFIA,0
KAFIA,0
ikaaf,0
KAFIA,0
nhisikma,0
minakshi,0
MINAKSHI,0
ihiasknm,0
MINAKSHI,0
shabana,0
sbaaanh,0
shabana,0
baasanh,0
sahnaab,0
kainy,0
yiank,0
akiyn,0
KINYA,0
kinya,0
mumtaz,0
mumtaz,0
mumtaz,0
zamtum,0
mumtaz,0
MOHINI,0
minhio,0
iomnih,0
mhoini,0
ohiimn,0
rupa,0
rupa,0
prau,0
RUPA,0
rupa,0
rajos,0
SAROJ,0
srjoa,0
saroj,0
osrja,0
pushpa,0
hsppau,0
auhspp,0
pushpa,0
PUSHPA,0
imarana,0
nimaara,0
ramania,0
imarana,0
IMARANA,0
kripya,0
kripya,0
kripya,0
yaripk,0
ikpary,0
alahnhcc,0
hcaclhna,0
anclhahc,0
chanchal,0
chanchal,0
amduh,0
madhu,0
dumha,0
udmah,0
amhud,0
DHAMISHTA,0
maihhsdat,0
dhamishta,0
DHAMISHTA,0
mtidahsah,0
SONALI,0
aosinl,0
sonali,0
sonali,0
SONALI,0
aampd,0
padma,0
dmpaa,0
PADMA,0
aadmp,0
yjaa,0
jaya,0
ajay,0
JAYA,0
JAYA,0
sumitra,0
sumitra,0
SUMITRA,0
sumitra,0
SUMITRA,0
aunth,1
tnahu,1
nathu,1
htaun,1
hutna,1
narsi,1
inars,1
asrni,1
iansr,1
narsi,1
anynaar,1
ananrya,1
narayan,1
naynraa,1
araanny,1
nanji,1
nanji,1
nanji,1
nanji,1
NANJI,1
nagji,1
janig,1
najig,1
gjani,1
jgina,1
irlmui,1
imuilr,1
imilur,1
murili,1
liirum,1
nbiip,1
BIPIN,1
bnipi,1
nbiip,1
BIPIN,1
RAMJI,1
RAMJI,1
arjmi,1
ramji,1
RAMJI,1
miraj,1
ramij,1
raimj,1
amjir,1
amirj,1
MAVJI,1
jimva,1
MAVJI,1
jivam,1
ijmva,1
nuam,1
nmua,1
nmau,1
manu,1
manu,1
MANSUKH,1
mhkasnu,1
mansukh,1
MANSUKH,1
mnakhsu,1
inajm,1
MANJI,1
ijnma,1
nmaji,1
MANJI,1
MANHAR,1
rmaahn,1
manhar,1
namarh,1
MANHAR,1
ianbvh,1
BHAVIN,1
abnhvi,1
vbhnia,1
BHAVIN,1
LAVAJI,1
lavaji,1
LAVAJI,1
lavaji,1
LAVAJI,1
hubshsa,1
SHUBHAS,1
shubhas,1
shubhas,1
shubhas,1
LABHU,1
uhlab,1
aublh,1
labhu,1
labhu,1
KISHOR,1
rhskio,1
krihos,1
KISHOR,1
shikro,1
ihskan,1
kishan,1
akinhs,1
KISHAN,1
kishan,1
kinjal,0
iakljn,0
ajlnik,0
KINJAL,0
kilajn,0
KHUSHALI,0
khushali,0
khushali,0
khushali,0
lihksauh,0
shaok,1
osahk,1
haoks,1
ahkos,1
hasok,1
BHIKHA,1
kabhih,1
bhikha,1
BHIKHA,1
bhikha,1
inevk,1
iknve,1
kevin,1
evnik,1
kevin,1
KEYUR,1
ykeur,1
kruye,1
kruye,1
KEYUR,1
ketan,1
KETAN,1
nekta,1
ketan,1
kenat,1
hasmukh,1
uhkmsah,1
mshauhk,1
sukamhh,1
kamhush,1
lakihsa,0
KAILASH,0
lsiaakh,0
haikasl,0
ilahkas,0
atvaik,0
katavi,0
itakva,0
KAVITA,0
KAVITA,0
nraaks,1
karsan,1
rnaaks,1
akrasn,1
KARSAN,1
anajsy,1
SANJAY,1
jasyan,1
SANJAY,1
anasjy,1
KARAN,1
KARAN,1
rkaan,1
KARAN,1
aaknr,1
lkipa,1
KAPLI,1
KAPLI,1
aiplk,1
paikl,1
KAMAL,1
kmaal,1
makla,1
kamal,1
kamal,1
kalpana,0
kalpana,0
alkpana,0
kalpana,0
KALPANA,0
JIVRAJ,1
JIVRAJ,1
rjivaj,1
jivraj,1
ijavrj,1
jivan,1
jivan,1
jivan,1
jivan,1
jivan,1
JITU,1
JITU,1
JITU,1
ituj,1
JITU,1
JIGAR,1
arjig,1
JIGAR,1
jargi,1
JIGAR,1
nayan,1
nayan,1
ynana,1
aanyn,1
nayan,1
jasvant,1
antjvsa,1
JASVANT,1
jnavtsa,1
jasvant,1
anvnda,0
VANDNA,0
vandna,0
ndavna,0
anndva,0
KIRAN,0
kiran,0
narki,0
nrkai,0
KIRAN,0
iugar,0
GAURI,0
guria,0
iagur,0
riuga,0
tira,0
tair,0
irat,0
rita,0
riat,0
NEETU,0
neetu,0
neetu,0
uneet,0
NEETU,0
NURBI,0
runbi,0
bnrui,0
nurbi,0
NURBI,0
emtahla,0
hatealm,0
lehamta,0
HEMLATA,0
HEMLATA,0
lmhea,0
hemal,0
melah,0
HEMAL,0
mehla,0
tiayda,0
aditya,0
ADITYA,0
ydtiaa,0
aditya,0
juan,0
janu,0
juan,0
anuj,0
janu,0
ojalk,0
ojalk,0
ojkal,0
kajol,0
KAJOL,0
parvti,0
arpvti,0
vtrpai,0
PARVTI,0
parvti,0
sarrjiaewh,0
arewjirahs,0
wrseaarihj,0
ejwsrhriaa,0
rajeshwari,0
saihflai,0
SHAIFALI,0
ialhfais,0
SHAIFALI,0
shaifali,0
tanya,0
TANYA,0
anyta,0
TANYA,0
tayan,0
ilnam,0
aimnl,0
NILAM,0
NILAM,0
inmla,0
hetavi,0
ieavth,0
eivtah,0
aevhti,0
ehtiva,0
dpeebhva,0
bhavdeep,0
bhavdeep,0
bhavdeep,0
ephdbeva,0
diana,0
DIANA,0
inada,0
aandi,0
DIANA,0
sonam,0
asmno,0
anmso,0
nomas,0
omsan,0
sukhmani,0
hainmusk,0
sukhmani,0
sukhmani,0
sukhmani,0
raaaik,0
KIARAA,0
iarkaa,0
kiaraa,0
KIARAA,0
ALIA,0
ilaa,0
alia,0
ALIA,0
aila,0
SATPAL,1
satpal,1
satpal,1
satpal,1
satpla,1
ram,1
RAM,1
ram,1
rma,1
RAM,1
PARASH,1
rapsah,1
PARASH,1
aashrp,1
parash,1
MUSTAQ,1
mstqua,1
MUSTAQ,1
mustaq,1
asmqtu,1
ailbl,1
lbial,1
bilal,1
bilal,1
lalib,1
JITENDRA,1
JITENDRA,1
rajdetni,1
JITENDRA,1
ierjandt,1
idren,1
irnde,1
dneir,1
inder,1
idern,1
kihabs,1
sbhika,1
shakib,1
SHAKIB,1
SHAKIB,1
jivraad,1
DIVARAJ,1
aarjivd,1
divaraj,1
DIVARAJ,1
anvhiba,1
ahavbni,1
bvinaha,1
abhinav,1
hbainva,1
vajaarn,0
VRAJANA,0
aanavrj,0
nrvaaaj,0
vrajana,0
rhstaaih,0
harshita,0
harshita,0
hhitrsaa,0
hrstahai,0
MEDHA,0
MEDHA,0
medha,0
medha,0
hdmae,0
bushraa,0
rsauabh,0
bsuhraa,0
arsbauh,0
aaubhsr,0
aave,0
EVAA,0
aave,0
aeav,0
veaa,0
AZRUDDIN,1
azruddin,1
AZRUDDIN,1
azruddin,1
AZRUDDIN,1
mirhus,1
MUSHIR,1
hmusri,1
MUSHIR,1
MUSHIR,1
AVNEET,0
avneet,0
avneet,0
AVNEET,0
AVNEET,0
hacrinshti,0
chitranshi,0
CHITRANSHI,0
chitranshi,0
CHITRANSHI,0
govindh,1
indhgov,1
govindh,1
gnhvodi,1
gdnivoh,1
GOVIND,1
gnodvi,1
GOVIND,1
igvodn,1
ovigdn,1
vasundhara,0
VASUNDHARA,0
vasundhara,0
vasundhara,0
uaahasvrnd,0
sihsak,0
sakshi,0
shiask,0
SAKSHI,0
sakshi,0
ihas,0
sahi,0
ASHI,0
asih,0
ASHI,0
ANUSHKA,0
hasunak,0
ANUSHKA,0
knsahua,0
ANUSHKA,0
iomn,0
moin,0
moni,0
moni,0
moni,0
avatar,1
AVATAR,1
avatar,1
vtraaa,1
AVATAR,1
rafagf,1
fgraaf,1
ffaagr,1
gaffar,1
GAFFAR,1
epdkea,1
epekad,1
deepak,1
DEEPAK,1
DEEPAK,1
iltla,1
llita,1
LALIT,1
lalit,1
lliat,1
jbir,1
rjbi,1
brij,1
bjir,1
rijb,1
SUBHASH,1
SUBHASH,1
SUBHASH,1
SUBHASH,1
hussbah,1
NISHANT,1
NISHANT,1
NISHANT,1
NISHANT,1
sathinn,1
SHEKHAR,1
shekhar,1
ahkehrs,1
shekhar,1
SHEKHAR,1
hardeep,1
HARDEEP,1
hardeep,1
hardeep,1
hardeep,1
twarita,0
twarita,0
ratiatw,0
TWARITA,0
tawairt,0
rmaseen,0
samreen,0
aesrmne,0
samreen,0
samreen,0
yhsuaai,0
AAYUSHI,0
ayuaihs,0
AAYUSHI,0
aayushi,0
aenh,0
NEHA,0
eahn,0
hnea,0
neah,0
askidh,0
DIKSHA,0
dkihsa,0
kadhis,0
DIKSHA,0
ejvire,0
jrieev,0
VEERJI,0
reijve,0
VEERJI,0
esha,0
aehs,0
esha,0
esha,0
ESHA,0
KIARA,0
iaakr,0
KIARA,0
kiara,0
KIARA,0
lsano,0
SONAL,0
SONAL,0
SONAL,0
SONAL,0
imaahr,0
mahira,0
iharma,0
ahmair,0
maarih,0
aloiasnk,0
SONALIKA,0
SONALIKA,0
kiolnaas,0
sonalika,0
RAGINI,0
ragini,0
gnaiir,0
RAGINI,0
nragii,0
ROOPA,0
ROOPA,0
roopa,0
roopa,0
ROOPA,0
aunp,1
apnu,1
uanp,1
anup,1
ANUP,1
amira,1
aamir,1
aamir,1
aarmi,1
AAMIR,1
AASIF,1
aasif,1
aasif,1
aisfa,1
saiaf,1
bria,1
ABIR,1
ABIR,1
ABIR,1
abir,1
ALI,1
ALI,1
ali,1
ALI,1
ali,1
saan,1
nsaa,1
aasn,1
ANAS,1
ANAS,1
JUHI,0
juhi,0
JUHI,0
JUHI,0
JUHI,0
SMRITI,0
smriti,0
SMRITI,0
rtisim,0
tsmiri,0
mouli,0
luoim,0
lomui,0
limou,0
MOULI,0
URVSHI,0
sruivh,0
URVSHI,0
hvisur,0
urvshi,0
irnfejen,0
renjienf,0
nfeijner,0
frnneiej,0
eefinjrn,0
ihlpsa,0
SHILPA,0
hlsiap,0
hispla,0
lhaspi,0
aaamn,0
maana,0
manaa,0
aanam,0
amnaa,0
ngaan,1
angan,1
anang,1
ANANG,1
aangn,1
apurva,1
apurva,1
aruvpa,1
ravpau,1
apavur,1
arhaan,1
ARHAAN,1
raanha,1
aahrna,1
arhaan,1
ARIJIT,1
ARIJIT,1
raitij,1
ARIJIT,1
tiraij,1
ARJIT,1
arjit,1
arjit,1
tiajr,1
ARJIT,1
ARJUN,1
ARJUN,1
ARJUN,1
ARJUN,1
arjun,1
pairt,1
ptira,1
riapt,1
iatrp,1
arpit,1
ubran,1
BARUN,1
BARUN,1
BARUN,1
rbuan,1
deven,1
evend,1
nedev,1
devne,1
deven,1
RASHAMI,0
aamsirh,0
rsmihaa,0
sraimah,0
RASHAMI,0
sraa,0
arsa,0
sara,0
SARA,0
sara,0
iisktru,0
iskturi,0
skirtiu,0
sukirti,0
sukirti,0
madhurima,0
dmuarhami,0
iamrudham,0
madhurima,0
MADHURIMA,0
sanaya,0
SANAYA,0
SANAYA,0
nasyaa,0
anyasa,0
sirit,0
SRITI,0
iitrs,0
sriti,0
sriti,0
ainh,0
niah,0
inha,0
hani,0
ihan,0
HIBA,0
hbai,0
HIBA,0
hiab,0
hiba,0
aaikv,0
ikava,0
avika,0
avika,0
aviak,0
mahima,0
MAHIMA,0
MAHIMA,0
mahima,0
hiaamm,0
RUNINA,0
ninura,0
runina,0
runina,0
runina,0
uamdgh,0
MUGDHA,0
uahmgd,0
MUGDHA,0
MUGDHA,0
dilip,1
dilpi,1
idilp,1
dilip,1
plidi,1
GAUTAM,1
gauamt,1
GAUTAM,1
gatuam,1
aamutg,1
rauvga,1
gaurav,1
gaurav,1
gaurav,1
raugva,1
GURMEET,1
GURMEET,1
rtgueem,1
gurmeet,1
gurmeet,1
HARSH,1
rshah,1
HARSH,1
hrahs,1
HARSH,1
hadarhs,1
HARSHAD,1
shrdhaa,1
haahdsr,1
harshad,1
hiten,1
hiten,1
inhte,1
hiten,1
HITEN,1
himanshu,1
hsinhmua,1
HIMANSHU,1
himanshu,1
niuhhsam,1
jmtii,1
jtimi,1
JIMIT,1
itmji,1
imijt,1
karmveer,1
merervak,1
amkrerve,1
KARMVEER,1
vreemrka,1
KARANVIR,1
nvakrira,1
karanvir,1
KARANVIR,1
iavrrkna,1
kinshuk,1
kinshuk,1
ikunhks,1
kinshuk,1
uksiknh,1
rdhsaa,0
asdahr,0
SHARDA,0
sharda,0
aardsh,0
kluan,1
kunal,1
KUNAL,1
KUNAL,1
ulank,1
agai,0
giaa,0
aiga,0
GIAA,0
giaa,0
daaa,0
aada,0
daaa,0
daaa,0
ADAA,0
pratyusha,0
ytsrahpau,0
htaparsuy,0
PRATYUSHA,0
PRATYUSHA,0
urcah,0
rauhc,0
achru,0
RUCHA,0
rhcua,0
yukti,0
yutki,0
ktyui,0
yukti,0
YUKTI,0
NIA,0
nia,0
NIA,0
ain,0
ain,0
surbhi,0
surbhi,0
surbhi,0
surbhi,0
ihbusr,0
likug,0
ikgul,0
gulki,0
igklu,0
gliku,0
SHRENU,0
usrehn,0
nrhuse,0
SHRENU,0
shrenu,0
palraaim,0
amrapali,0
amrapali,0
lpaaarim,0
AMRAPALI,0
TORAL,0
atrlo,0
ltoar,0
rltao,0
TORAL,0
tpkeeari,0
preetika,0
PREETIKA,0
eareptik,0
preetika,0
lkhas,1
klsah,1
lskah,1
LAKSH,1
laksh,1
LAVANYA,1
lavanya,1
lavanya,1
aylanav,1
LAVANYA,1
LEENESH,1
lesnhee,1
LEENESH,1
hesenel,1
LEENESH,1
RADHIKA,0
radhika,0
RADHIKA,0
raidkha,0
kdaahir,0
samiksha,0
samiksha,0
maikshsa,0
shiaakms,0
SAMIKSHA,0
SHEEN,0
nhese,0
sheen,0
nehse,0
SHEEN,0
eicra,0
caeir,0
erica,0
iacer,0
aecir,0
iash,0
ASHI,0
ashi,0
aish,0
aihs,0
RHEA,0
rhea,0
hear,0
rhea,0
rhea,0
manav,1
manav,1
MANAV,1
maavn,1
amavn,1
iamkm,1
mamik,1
MAMIK,1
MAMIK,1
MAMIK,1
mishal,1
iahmls,1
mishal,1
salmhi,1
hslami,1
IQBAL,1
iqbal,1
iqbal,1
labiq,1
IQBAL,1
NAZIM,1
naizm,1
nazim,1
NAZIM,1
zamni,1
amkil,1
imkla,1
kaiml,1
likam,1
akiml,1
nakuul,1
NAKUUL,1
NAKUUL,1
klanuu,1
nakuul,1
inamk,1
kainm,1
NAMIK,1
amnik,1
kanmi,1
inatm,1
anmit,1
namit,1
imtna,1
tmain,1
hakarsii,0
rishikaa,0
RISHIKAA,0
rishikaa,0
RISHIKAA,0
MAYURI,0
amuryi,0
mayuri,0
amiyur,0
mayuri,0
nikki,0
NIKKI,0
kniki,0
NIKKI,0
nikik,0
aramp,1
arapm,1
param,1
ampra,1
ampar,1
PARAS,1
PARAS,1
paras,1
PARAS,1
apars,1
puneet,1
puneet,1
PUNEET,1
puneet,1
puneet,1
rahil,1
rahil,1
hailr,1
ilahr,1
rahil,1
RAJAT,1
rajat,1
jarta,1
rajat,1
jtraa,1
avejer,1
rvejae,1
vrejae,1
jevare,1
jaerve,1
penedra,1
randeep,1
nerpdea,1
padrene,1
randeep,1
RONIT,1
rtnoi,1
RONIT,1
ronit,1
ronit,1
MEHTAB,0
MEHTAB,0
mehtab,0
beahmt,0
MEHTAB,0
bbobi,0
BIBBO,0
bibbo,0
bibbo,0
BIBBO,0
kiadve,0
DEVIKA,0
evkdia,0
dkivae,0
devika,0
osahbnh,0
ahonhsb,0
SHOBHNA,0
SHOBHNA,0
sahnboh,0
anjmua,0
jamuna,0
jamuna,0
JAMUNA,0
JAMUNA,0
atsair,0
itrasa,0
itarsa,0
rsaait,0
iarsta,0
nastah,0
shanta,0
ashant,0
ahntas,0
SHANTA,0
saaahdn,0
aasnadh,0
aahnads,0
aasndha,0
sdahnaa,0
NALINI,0
naniil,0
ninali,0
NALINI,0
anniil,0
meena,0
enaem,0
amnee,0
meena,0
meena,0
rwanas,0
nwarsa,0
swaran,0
waarns,0
anawrs,0
suraiya,0
uaryias,0
SURAIYA,0
yaiuasr,0
yrusaai,0
asha,0
saah,0
aahs,0
aahs,0
asha,0
noor,0
noor,0
oron,0
noor,0
onor,0
sehban,1
sehban,1
nsaehb,1
sehban,1
naehsb,1
SIDDHANT,1
SIDDHANT,1
siddhant,1
dadhstin,1
SIDDHANT,1
uas hrhkh,1
hrhsa hku,1
SHAH RUKH,1
hkharshu ,1
kharh hsu,1
SHANTANU,1
nstuanha,1
shantanu,1
htnsnaau,1
SHANTANU,1
shivaji,1
shivaji,1
hiajvis,1
hsaiivj,1
ivhsjia,1
sumedh,1
SUMEDH,1
sdemhu,1
SUMEDH,1
uhmsed,1
arvnu,1
arnvu,1
VARUN,1
uanvr,1
VARUN,1
madhubala,0
uhdbalama,0
bdhamalua,0
madhubala,0
MADHUBALA,0
UMA,0
mua,0
UMA,0
mua,0
uma,0
kamini,0
inkiam,0
kamini,0
kamini,0
KAMINI,0
nimmi,0
NIMMI,0
nimmi,0
imnim,0
iimmn,0
SHAKILA,0
ilhaaks,0
laaskih,0
khalais,0
shakila,0
SHAMMI,0
mmhsia,0
SHAMMI,0
shmiam,0
ismmha,0
hutnamaib,0
BHANUMATI,0
bhanumati,0
aunmihtba,0
bhanumati,0
nirupa,0
praiun,0
nirupa,0
NIRUPA,0
nirupa,0
nautn,0
NUTAN,0
tnaun,0
nutna,0
nutan,0
bina,0
naib,0
bina,0
niab,0
bina,0
NADIRA,0
dinara,0
nadira,0
rnaadi,0
nadira,0
VIVIAN,1
vniavi,1
VIVIAN,1
VIVIAN,1
VIVIAN,1
ianz,1
zain,1
zain,1
zain,1
naiz,1
SUSHANT,1
tasnush,1
sushant,1
atsunhs,1
hstuasn,1
eritg,1
tiger,1
rigte,1
tireg,1
TIGER,1
vri,1
vir,1
rvi,1
VIR,1
ivr,1
HRITHIK,1
hrithik,1
kthirih,1
HRITHIK,1
hktiihr,1
SHAHID,1
dhhasi,1
adihsh,1
shahid,1
shahid,1
RANVEER,1
RANVEER,1
evrnrea,1
ranveer,1
renvrae,1
haaat,1
ahata,1
ahata,1
ahata,1
TAAHA,1
AMEETA,0
ameeta,0
aaetme,0
maeate,0
ameeta,0
ayhsma,0
yasmha,0
yaahms,0
SHYAMA,0
yamhsa,0
SUCHITRA,0
suchitra,0
ihcsurat,0
tuaishrc,0
suchitra,0
minoo,0
MINOO,0
omino,0
minoo,0
noomi,0
mala,0
maal,0
MALA,0
MALA,0
MALA,0
PADMINI,0
padmini,0
PADMINI,0
padmini,0
PADMINI,0
hnlee,0
eelhn,0
elehn,0
HELEN,0
helen,0
NANDA,0
NANDA,0
anadn,0
nanda,0
nnada,0
saira,0
SAIRA,0
rasia,0
saira,0
SAIRA,0
JAYANTHI,0
atiahyjn,0
JAYANTHI,0
hntiajay,0
JAYANTHI,0
farhan,1
farhan,1
farhan,1
rahnfa,1
rhnfaa,1
purab,1
purab,1
PURAB,1
parbu,1
upbar,1
HARSHVARDHAN,1
ndarrhvhasha,1
anrhrahhdasv,1
harshvardhan,1
rrvanhaahhds,1
huyamsna,1
yuhsanma,1
ayushman,1
ayushman,1
AYUSHMAN,1
FAWAD,1
wadfa,1
fawad,1
adfaw,1
adwaf,1
BOBBY,1
BOBBY,1
bobby,1
BOBBY,1
bobby,1
gulshan,1
gulshan,1
suanlhg,1
GULSHAN,1
gulshan,1
shihyamemsmirahe,1
hhhmimaseearsiym,1
esahhimyhmearsim,1
himeshreshammiya,1
iahyeashmsmimher,1
ieshaan,1
hsainae,1
IESHAAN,1
eahsnia,1
ieshaan,1
kaycjk,1
ckayjk,1
cakyjk,1
jyckak,1
JACKKY,1
hmae,0
HEMA,0
hema,0
maeh,0
HEMA,0
raakhee,0
rkeahae,0
raakhee,0
RAAKHEE,0
raakhee,0
egeatoy,0
YOGEETA,0
geoyate,0
egteyoa,0
gytoeae,0
REENA,0
eenar,0
reena,0
reena,0
nerae,0
vydia,0
VIDYA,0
VIDYA,0
vidya,0
VIDYA,0
nerejtaa,0
jtenarea,0
ranjeeta,0
tenaeajr,0
nerjatae,0
DEEPTI,0
DEEPTI,0
DEEPTI,0
deepti,0
dteepi,0
SRIDEVI,0
SRIDEVI,0
eivirsd,0
SRIDEVI,0
vdeiisr,0
vtayaij,0
vijayta,0
iyjatva,0
jtavaiy,0
VIJAYTA,0
RATI,0
rati,0
rtia,0
iart,0
RATI,0
SALMA,0
salma,0
amasl,0
salma,0
lmsaa,0
knhiemsea,0
MEENAKSHI,0
sehmankei,0
meenakshi,0
MEENAKSHI,0
aneelm,0
nlemea,0
neelam,0
NEELAM,0
NEELAM,0
maluir,0
mlruai,0
rmliau,0
amruil,0
miarul,0
iraktk,1
kkarit,1
kaktri,1
itkark,1
akktri,1
mahakshay,1
mahakshay,1
mahakshay,1
yahkmhaas,1
amayhskah,1
moi,1
OMI,1
oim,1
omi,1
omi,1
iiennl int,1
i lnietnin,1
iiinl tnne,1
neil nitin,1
NEIL NITIN,1
pnhrdaasiyra,1
priyadarshan,1
priyadarshan,1
priyadarshan,1
aryhnpdiaasr,1
lpktui,1
tluipk,1
ktpiul,1
pulkit,1
pulkit,1
krammjaur,1
RAJKUMMAR,1
kmamraurj,1
rajkummar,1
rmajramuk,1
hreist,1
RITESH,1
RITESH,1
ritesh,1
RITESH,1
s a lkihnaiaf,1
l aanafshi ki,1
saif ali khan,1
saif ali khan,1
inafiahl ska ,1
SAMMIR,1
sammir,1
rmmisa,1
sammri,1
mmaris,1
shiney,1
SHINEY,1
SHINEY,1
SHINEY,1
hsnyei,1
jaoros,1
aoosjr,1
osajor,1
sooraj,1
sooraj,1
iunels,1
lsnieu,1
SUNIEL,1
leusin,1
suniel,1
BIPASHA,0
saaibhp,0
bisahap,0
spiabah,0
bipasha,0
siah,0
isha,0
isha,0
iahs,0
ahis,0
kritehe,0
keerthi,0
keerthi,0
ikerhte,0
KEERTHI,0
SANDALI,0
ndaisal,0
lanadsi,0
sandali,0
SANDALI,0
nomaci,0
monica,0
caionm,0
caomin,0
monica,0
atinasah,0
sthaaian,0
aaitsahn,0
TANISHAA,0
ahtanias,0
emrhe,0
meher,0
hemer,0
mereh,0
meehr,0
imnjraa,0
manjari,0
MANJARI,0
MANJARI,0
jramina,0
iaksdath,0
thskdaia,0
DAKSHITA,0
dakshita,0
skdhaita,0
eshan,1
snhea,1
eshan,1
nahes,1
ESHAN,1
nmuee,0
nmeue,0
meenu,0
MEENU,0
MEENU,0
nsjatyo,0
JYOSTNA,0
oyatjns,0
jyostna,0
oajtysn,0
TAMANNAAH,0
TAMANNAAH,0
TAMANNAAH,0
TAMANNAAH,0
tmaanhaan,0
AMOL,1
lmao,1
amol,1
amol,1
mlao,1
SUMEET,1
uetesm,1
SUMEET,1
estmeu,1
SUMEET,1
hswaki,1
hwkasi,1
ISHWAK,1
ishwak,1
ishwka,1
aahaan,0
anhaaa,0
aaanah,0
AAHANA,0
AAHANA,0
yniaahwssi,0
yashaswini,0
YASHASWINI,0
saywanishi,0
ywhaianssi,0
iaahs,0
aisha,0
AISHA,0
hsaia,0
AISHA,0
maanvi,0
maanvi,0
ivaanm,0
maanvi,0
maanvi,0
hansika,0
nhiasak,0
nashiak,0
hansika,0
hansika,0
RICHA,0
hacir,0
rhaci,0
hiarc,0
iacrh,0
SANDEEPA,0
SANDEEPA,0
sandeepa,0
sandeepa,0
ensadape,0
raetpenii,0
parineeti,0
parineeti,0
atpenirie,0
PARINEETI,0
amuh,0
huma,0
uahm,0
huma,0
huma,0
iieana,0
aniiea,0
ainaei,0
aiaeni,0
iieana,0
yma,0
AMY,0
amy,0
yma,0
AMY,0
aateesp,0
saeeatp,0
tseaeap,0
TAAPSEE,0
eaapest,0
asil,0
lisa,0
LISA,0
ilsa,0
slia,0
iytaah,0
ATHIYA,0
tyhiaa,0
iatayh,0
yihtaa,0
rwmaaa,0
MAWARA,0
MAWARA,0
mawara,0
mawara,0
iikatr,0
ritika,0
atrkii,0
iktira,0
RITIKA,0
navjhi,0
JANHVI,0
jaihvn,0
JANHVI,0
JANHVI,0
prtiit,0
iitptr,0
TRIPTI,0
ittirp,0
tpiitr,0
tara,0
rata,0
tara,0
TARA,0
raat,0
aunlmr,0
rlaunm,0
nlrmau,0
mrunal,0
ralmun,0
laaya,0
alaya,0
ALAYA,0
ALAYA,0
ALAYA,0
ehrtijas,0
tejashri,0
arisejht,0
tehirsja,0
arjhtesi,0
arina,0
ARINA,0
inraa,0
nriaa,0
rnaia,0
RAJSI,0
RAJSI,0
jrsai,0
arsji,0
RAJSI,0
ianl,1
anil,1
anil,1
ainl,1
ANIL,1
agnair,0
ANGIRA,0
ANGIRA,0
nargia,0
angira,0
anuvbh,1
bhnuva,1
ahvbnu,1
bhuvan,1
BHUVAN,1
mchynai,1
yminahc,1
cmanhiy,1
chinmay,1
cmiyhna,1
issvhhse,1
visshesh,1
visshesh,1
VISSHESH,1
VISSHESH,1
DEEPESH,1
esehdpe,1
deepesh,1
deepesh,1
DEEPESH,1
NIMRAT,0
rtinma,0
mtiarn,0
nimrat,0
aimrnt,0
wihskre,0
erwkhis,0
whresik,0
KISHWER,0
khwesir,0
vrushika,0
vrushika,0
kivsurha,0
iuarhvks,0
vrushika,0
llmkaai,0
mallika,0
lakilma,0
lkmaila,0
alkamli,0
sudev,1
SUDEV,1
evdsu,1
sudev,1
udves,1
ad√ønggeav,1
GAGANDEV≈∏,1
gagandev√ø,1
√øggaavend,1
GAGANDEV≈∏,1
hitialm,0
MITHILA,0
MITHILA,0
hitailm,0
itmahli,0
TAHIR,1
taihr,1
htiar,1
rahti,1
TAHIR,1
helka,1
aehlk,1
kleha,1
alekh,1
alkeh,1
raghu,1
ahugr,1
auhrg,1
RAGHU,1
raghu,1
knuraa,1
raunak,1
kanrua,1
raunak,1
RAUNAK,1
hiidn,0
idhni,0
hiind,0
nidhi,0
nidhi,0
TRIDHA,0
TRIDHA,0
TRIDHA,0
tridha,0
tridha,0
nehal,0
anehl,0
nehal,0
NEHAL,0
nelah,0
niinje,0
ijnein,0
eijnin,0
nineji,0
jinnie,0
shiny,0
hyins,0
isyhn,0
yishn,0
SHINY,0
pysraiu,0
SUPRIYA,0
SUPRIYA,0
supriya,0
SUPRIYA,0
raii,0
IIRA,0
IIRA,0
IIRA,0
iari,0
niamv,0
manvi,0
mnvia,0
nmiva,0
manvi,0
sanni,0
SANNI,0
sainn,0
SANNI,0
ainns,0
sanih,0
hnasi,0
HANSI,0
hansi,0
ansih,0
alpiry,0
iarypl,0
priyal,0
arpily,0
lyrpai,0
maarin,0
nmaair,0
marina,0
marina,0
marina,0
aivronec,0
oaievncr,0
evranioc,0
veronica,0
eviorcna,0
tanima,0
inmata,0
TANIMA,0
tanima,0
tanima,0
ahagne,0
gahane,0
enagha,0
gahena,0
aeangh,0
eenthu,0
neethu,0
NEETHU,0
tuneeh,0
neethu,0
NAGMA,0
amnag,0
aagmn,0
NAGMA,0
NAGMA,0
FLORA,0
aflor,0
flora,0
rfalo,0
oralf,0
AAROHI,0
aarohi,0
oiraah,0
aarohi,0
AAROHI,0
akayv,0
kavya,0
kavay,0
KAVYA,0
kayva,0
miirtunsa,0
aisrimtnu,0
simuirtan,0
urtaiimsn,0
ANUSMRITI,0
miah,0
imah,0
MAHI,0
iahm,0
amhi,0
aastha,0
AASTHA,0
aashat,0
AASTHA,0
asthaa,0
prerika,0
PRERIKA,0
arerkpi,0
krarepi,0
prerika,0
PIHU,0
PIHU,0
PIHU,0
PIHU,0
hiup,0
prerna,0
rrnpae,0
aprner,0
eprnar,0
arerpn,0
raja,1
RAJA,1
rjaa,1
RAJA,1
raja,1
ekohls,1
lokesh,1
LOKESH,1
LOKESH,1
LOKESH,1
hcnda,1
canhd,1
dhcna,1
nhacd,1
chand,1
baljeet,1
ebelatj,1
BALJEET,1
BALJEET,1
tbeleja,1
dheeraj,1
DHEERAJ,1
erhdaje,1
heaedrj,1
rjedahe,1
CHANDAN,1
cnhaand,1
aahcnnd,1
CHANDAN,1
nhaadcn,1
lnaamx,1
xmlaan,1
laxman,1
laxman,1
nlxmaa,1
JAIDEV,1
eajivd,1
dviaje,1
jaidev,1
jiedva,1
utrna,1
aturn,1
TARUN,1
runat,1
unart,1
adyher,1
hearyd,1
radhey,1
yadreh,1
ahyrde,1
PRADEEP,1
PRADEEP,1
pradeep,1
pradeep,1
PRADEEP,1
NITISH,1
ihnist,1
nitish,1
NITISH,1
tiishn,1
aftab,1
aftab,1
AFTAB,1
tbfaa,1
taabf,1
avjiemrket,1
VIKRAMJEET,1
VIKRAMJEET,1
VIKRAMJEET,1
kjaetevrim,1
meena,0
maene,0
enmea,0
meena,0
aeenm,0
ganga,0
gnaga,0
gnaag,0
nagag,0
ganag,0
idumhra,0
MADHURI,0
MADHURI,0
huiadrm,0
MADHURI,0
rirphta,0
HARPRIT,0
harprit,0
rrtphia,0
harprit,0
rubina,0
RUBINA,0
RUBINA,0
rubina,0
RUBINA,0
maakl,0
KAMLA,0
kamla,0
KAMLA,0
kmaal,0
